# Blender 4.4.3
# www.blender.org
mtllib croc.mtl
o Cube
v -1.228591 -3.202495 10.009527
v -1.234038 4.119807 10.018538
v -2.056509 -3.210037 -6.087738
v -2.056550 4.142109 -6.107903
v 1.246634 -3.202495 10.009527
v 1.252080 4.119807 10.018538
v 2.074552 -3.210037 -6.087738
v 2.074593 4.142109 -6.107903
v -1.812896 -3.314882 6.305243
v -1.819691 4.100630 6.296741
v 1.830939 -3.314882 6.305244
v 1.837734 4.100631 6.296741
v -2.134152 3.786564 1.405409
v 2.146137 -3.318805 1.435223
v -2.128095 -3.318805 1.435223
v 2.152194 3.786563 1.405408
v -2.861780 0.153367 -6.485167
v 2.879822 0.153366 -6.485167
v -1.638927 2.906826 10.351829
v -2.841737 2.769742 -6.502745
v 2.859780 2.769742 -6.502745
v 1.656979 2.906826 10.351829
v 2.900896 2.646959 6.332961
v -2.882853 2.646959 6.332961
v 3.429248 2.540020 1.561432
v -3.406988 2.532239 1.578901
v -2.841652 -2.091301 -6.469497
v 2.859694 -2.091301 -6.469497
v 1.537745 -2.236243 10.561195
v 3.424346 -2.174322 1.622714
v -3.407258 -2.176734 1.621995
v -1.519703 -2.236243 10.561195
v -2.543801 4.147897 -2.953452
v 2.560299 -3.319200 -2.905978
v -2.542257 -3.319200 -2.905977
v 2.561843 4.147897 -2.953452
v 4.187168 0.174284 -2.931397
v -4.167288 0.180298 -2.924332
v -4.155565 -2.084375 -2.830461
v 4.170196 -2.078666 -2.816024
v -1.608930 -3.288043 8.619221
v -1.558073 3.652124 10.331066
v -2.541147 4.229458 -4.915223
v -2.645436 -2.830371 -6.378611
v 0.009021 -3.268658 -6.290854
v 0.009021 4.203892 -6.303252
v 2.663478 -2.830371 -6.378611
v 2.558863 -3.293763 -4.880814
v 1.633275 4.192470 8.619998
v 1.557693 -2.811682 10.334076
v 0.009021 -3.262193 10.242686
v 0.009021 4.192500 10.252452
v -1.956217 -3.317971 3.811002
v -1.615233 4.192470 8.619998
v 1.626972 -3.288043 8.619221
v 1.981190 3.892909 3.793272
v 0.009021 4.280255 6.295648
v 0.009021 -3.476870 6.299965
v 2.743864 -2.859592 6.335913
v -2.725855 -2.859592 6.335913
v -1.963147 3.892909 3.793273
v 1.974260 -3.317971 3.811003
v -2.338526 -3.320415 -0.773913
v 2.360433 3.925645 -0.817549
v 3.226345 -2.841291 1.495030
v 0.009021 -3.481164 1.419719
v 0.009021 3.929350 1.402248
v -3.208302 -2.841291 1.495030
v -2.862158 1.512889 -6.500990
v 2.880201 1.512889 -6.500990
v 2.789809 1.654755 6.316946
v -2.771765 1.654755 6.316946
v 0.009021 0.144742 -7.043679
v -4.158179 0.171043 -4.930000
v -2.645500 3.689112 -6.406526
v 2.663543 3.689111 -6.406526
v 1.576116 3.652124 10.331068
v 2.761437 3.558345 6.312391
v -2.743394 3.558345 6.312391
v 3.240881 3.339865 1.437419
v -3.222838 3.339865 1.437420
v -3.115573 2.558761 3.922596
v 3.808116 2.669142 -0.733878
v -2.551591 2.818330 8.621448
v 3.133778 2.558761 3.922596
v 0.009021 2.924656 10.986041
v 2.569644 2.818330 8.621447
v 0.009021 2.743948 -7.041134
v -4.138402 2.837404 -4.979400
v -2.862099 -1.080178 -6.478406
v 2.880141 -1.080178 -6.478405
v -1.539651 -2.811683 10.334079
v -4.139907 -2.091427 -4.929492
v 0.009021 -2.091801 -7.027153
v 0.009021 -2.239084 10.959020
v 3.153012 -2.212740 3.758779
v 3.794625 -2.105348 -0.605483
v -3.135178 -2.212740 3.758779
v -2.342391 3.925645 -0.817549
v 2.356568 -3.320416 -0.773913
v -2.540821 -3.293763 -4.880813
v 2.559189 4.229458 -4.915223
v 4.176222 0.171043 -4.930000
v 4.156155 2.841724 -4.972567
v -3.789356 2.672408 -0.735788
v -3.780774 -2.113468 -0.620639
v 4.157949 -2.091427 -4.929492
v 3.874680 -2.847857 -2.886497
v -3.856637 -2.847857 -2.886497
v -4.159983 1.580679 -2.863737
v 4.176775 1.580771 -2.850335
v -4.174644 -1.062174 -2.885841
v 4.188761 -1.067963 -2.868879
v 0.009021 4.300187 -2.942001
v 0.009021 -3.478743 -2.913555
v 3.871475 3.710464 -2.965275
v -3.853461 3.711799 -2.968496
v -3.827306 3.730381 -4.956569
v 0.009021 3.675796 -6.900302
v 2.430279 3.643793 8.661387
v 0.009021 3.659818 10.909892
v 0.009021 -3.436792 8.638119
v 0.009021 4.367436 8.639443
v 0.009021 4.053074 3.788127
v 0.009021 -3.480813 3.797986
v 2.978565 3.402586 3.824596
v -2.412237 3.643793 8.661388
v 3.565021 3.488012 -0.824396
v 0.009021 -3.481842 -0.786123
v 0.009021 4.066858 -0.812153
v -2.960522 3.402586 3.824596
v 0.009021 -1.082067 -7.040610
v -4.162007 -1.075935 -4.919454
v 3.778213 1.595080 -0.707573
v 0.009021 1.492708 -7.050064
v -4.160996 1.568786 -4.948744
v -3.828894 -2.842574 -4.917987
v 0.009021 -2.834980 -6.887841
v 2.406275 -2.841421 8.679621
v 0.009021 -2.822289 10.888976
v 2.961607 -2.835518 3.866687
v -2.388232 -2.841421 8.679620
v 3.554738 -2.845022 -0.727670
v -2.943598 -2.835518 3.866687
v 3.846937 -2.842574 -4.917987
v -3.536695 -2.845022 -0.727670
v -3.756696 1.590165 -0.696288
v 4.178710 1.573107 -4.941912
v 4.180049 -1.075935 -4.919454
v 0.009021 4.383415 -4.920525
v 0.009021 -3.439845 -4.899697
v 3.845387 3.730381 -4.956569
v -3.547045 3.489347 -0.827617
v -2.086174 3.285647 -3.308228
v -3.514130 3.440882 -2.920435
v -3.449512 2.908254 -3.654178
v 1.869238 3.262995 -2.034544
v 1.912096 3.441201 -2.235169
v 3.337868 3.440739 -2.897275
v 3.256809 2.874398 -2.219956
v 3.380564 2.546761 -2.872824
v -3.641359 2.549853 -2.918587
v -2.163066 2.700604 -3.274725
v -3.518427 2.886317 -2.259525
v -3.195202 2.717795 -2.565578
v 3.244279 2.686504 -3.466819
v 3.671786 2.920887 -3.643861
v 2.114154 2.687192 -3.264692
v 2.117778 3.285647 -3.308228
v -3.082702 3.137301 -2.212306
v -2.099389 3.295858 -1.969697
v -3.027245 3.432518 -2.467537
v -2.071361 3.448048 -2.192235
v -2.537114 -2.175086 4.623445
v -2.600726 -2.020485 3.913353
v -1.597671 -1.904350 3.171017
v -2.802057 -1.857576 1.888422
v 3.449788 -1.065464 -1.607841
v 2.989562 -1.286109 -1.142185
v 3.271571 -1.479811 -0.641724
v 3.218923 0.225927 -1.858227
v 3.130036 -0.805567 -1.869809
v 2.056095 -0.420917 -2.070840
v 2.078313 -1.479483 -0.139043
v 2.754126 -1.662729 0.559104
v 1.864286 -1.751558 1.224032
v 2.816882 -1.853958 1.889501
v -1.186480 -2.130782 10.322102
v -1.616196 -2.200512 9.946025
v 1.611701 -1.904351 3.171017
v 2.617444 -2.020485 3.913353
v 2.554551 -2.175086 4.623445
v 1.204468 -2.130782 10.322103
v 0.008994 -2.122088 10.535737
v 1.634184 -2.200512 9.946026
v -2.352660 1.544454 5.432114
v -1.373564 1.486625 6.114837
v -2.278601 1.491680 6.543797
v -2.524337 1.790220 4.108139
v -2.881135 1.777775 1.676382
v -1.698471 1.671655 2.734882
v 3.015078 0.943745 -0.886032
v 2.836455 1.504776 0.587825
v 2.683629 1.780679 1.603071
v 1.573062 1.141522 -0.135578
v -1.329183 2.655034 10.263912
v -1.158692 2.425775 9.086632
v -2.142978 2.259224 8.249272
v -2.262309 1.710194 6.968680
v 1.488430 1.671655 2.734882
v 2.543538 1.790220 4.108139
v 2.371010 1.544454 5.432114
v 1.391932 1.486625 6.114836
v 2.296660 1.491679 6.543797
v 1.347306 2.655034 10.263914
v 0.009036 2.698515 10.781706
v 2.280367 1.710194 6.968681
v 2.161087 2.259225 8.249271
v 1.176940 2.425775 9.086632
v 2.400740 -2.440074 6.917662
v 2.096950 -2.385463 8.672500
v 1.495080 -2.310006 5.965776
v -2.078961 -2.385463 8.672500
v -2.382953 -2.440075 6.917662
v -1.478151 -2.310006 5.965776
v -3.040991 1.491442 0.616649
v -2.756098 1.341614 0.375884
v -3.244222 0.971556 -0.816676
v -2.064072 1.123188 -0.222520
v -2.625869 1.612115 1.146210
v -2.986835 0.622336 -1.372082
v -3.463128 0.224672 -1.862308
v -1.629457 -1.739935 1.143929
v -3.005519 -1.479193 -0.697129
v -1.555229 -1.497301 -0.066491
v -3.134429 -0.073880 -2.032965
v -3.184007 -1.045554 -1.661946
v -2.034650 -0.456231 -2.033660
v -2.939694 3.399007 -3.205106
v -3.972934 3.482679 -2.950467
v -3.927301 3.731569 -3.966722
v -4.054696 3.333041 -4.949636
v -4.133625 2.880564 -4.066388
v -2.700992 3.127866 -3.501252
v -3.367512 3.958284 -2.965871
v -2.591997 4.212499 -3.983394
v -3.350752 4.026839 -4.941014
v -3.431274 3.712023 -5.791227
v -2.342459 4.199204 -5.663171
v -2.380170 3.982623 -6.274315
v -3.699960 2.799004 -5.850633
v -2.785786 3.280891 -6.476170
v -1.540656 2.750749 -6.904658
v -1.437372 3.677905 -6.777259
v 0.009021 3.258535 -7.003481
v -1.222755 4.185564 -6.243136
v 0.009021 3.988678 -6.685622
v 1.455415 3.677906 -6.777259
v 1.240797 4.185563 -6.243135
v 2.398213 3.982623 -6.274315
v 1.558699 2.750750 -6.904659
v 2.803829 3.280891 -6.476170
v 2.773733 2.717644 7.492510
v 2.897121 3.148452 6.325497
v 2.632745 3.613798 7.535192
v 2.547934 3.235847 8.661602
v 2.423509 3.875401 6.302232
v 1.754244 4.168050 7.518508
v 2.142356 3.966784 8.637837
v 2.095236 3.651966 9.613827
v 1.452800 4.171047 9.499281
v 1.434073 3.954466 10.202148
v 2.218927 2.877630 9.586667
v 1.638760 3.259485 10.370625
v 0.889153 2.920878 10.827024
v 0.851005 3.656371 10.765598
v 0.009021 3.264778 10.985088
v 0.747113 4.170675 10.180603
v 0.009021 3.975809 10.686498
v -0.832963 3.656371 10.765598
v -0.729071 4.170675 10.180601
v -1.416031 3.954466 10.202148
v -0.871109 2.920878 10.827024
v -1.620716 3.259485 10.370625
v -1.729611 -3.307184 7.522449
v -0.974074 -3.436232 6.300818
v 0.009021 -3.466067 7.524714
v -0.866731 -3.400141 8.627503
v 0.992116 -3.436232 6.300818
v 1.747654 -3.307184 7.522449
v 0.884774 -3.400141 8.627503
v 0.009021 -3.375116 9.558766
v 1.446903 -3.250988 9.493821
v 0.744007 -3.244059 10.171068
v -1.428860 -3.250988 9.493820
v -0.725965 -3.244059 10.171070
v 0.995196 4.235405 6.295406
v 0.009021 4.350880 7.523026
v 0.887695 4.324496 8.628646
v -0.977153 4.235404 6.295406
v -1.736201 4.168049 7.518509
v -0.869652 4.324497 8.628646
v 0.009021 4.318908 9.563843
v -1.434758 4.171047 9.499281
v 2.061601 3.812944 2.578017
v 1.164532 3.893939 1.402686
v 0.009021 3.963014 2.572978
v 1.072508 4.013186 3.789165
v -1.146489 3.893939 1.402686
v -2.043558 3.812943 2.578017
v -1.054466 4.013186 3.789165
v 0.009021 4.170383 5.037516
v -1.891144 3.999454 5.041360
v 1.909186 3.999454 5.041360
v -2.036894 -3.318284 2.601302
v -1.143750 -3.440424 1.423387
v 0.009021 -3.480944 2.586335
v -1.051332 -3.439947 3.801083
v 1.161792 -3.440425 1.423387
v 2.054937 -3.318284 2.601302
v 1.069374 -3.439948 3.801084
v 0.009021 -3.480267 5.044447
v 1.902249 -3.317461 5.054316
v -1.884206 -3.317461 5.054315
v 3.273004 2.537354 2.716403
v 3.409551 2.985789 1.485162
v 3.101438 3.348512 2.613088
v 3.126774 3.025019 3.864324
v 2.840199 3.604356 1.413935
v 2.613215 3.690706 3.802931
v 2.869304 3.480831 5.064477
v 3.010818 2.584428 5.144538
v -2.200862 2.877630 9.586667
v -2.077193 3.651966 9.613827
v -2.529890 3.235847 8.661602
v -2.124313 3.966784 8.637836
v -2.614702 3.613798 7.535192
v -2.405467 3.875401 6.302233
v -2.755689 2.717643 7.492510
v -2.879079 3.148452 6.325497
v 2.395257 3.381639 -2.012799
v 2.583948 3.429557 -2.503977
v 3.960103 3.480040 -2.938821
v 3.734203 3.610303 -1.929780
v 3.765243 3.139654 -0.809321
v 3.867772 2.793599 -1.773295
v 2.509802 3.100227 -2.205147
v 3.385551 3.958117 -2.965469
v 2.469442 4.042599 -1.893659
v 3.117631 3.745535 -0.821343
v 3.396658 3.390463 0.297466
v 2.252660 3.830540 0.277679
v 3.605860 2.568948 0.428079
v -2.448777 -3.320931 -1.846069
v -1.365793 -3.438744 -2.911330
v 0.009021 -3.481735 -1.855567
v -1.256655 -3.441347 -0.783221
v 1.383836 -3.438744 -2.911330
v 2.466820 -3.320931 -1.846069
v 1.274698 -3.441347 -0.783221
v 0.009021 -3.481477 0.300344
v 2.247586 -3.319548 0.314790
v -2.229543 -3.319548 0.314790
v 1.384534 4.262484 -2.944759
v 0.009021 4.188554 -1.884035
v 1.276446 4.031924 -0.813859
v -1.366492 4.262484 -2.944759
v -2.451400 4.042599 -1.893659
v -1.258403 4.031924 -0.813858
v 0.009021 3.970422 0.278336
v -2.234617 3.830540 0.277679
v -2.992755 2.584428 5.144538
v -2.851262 3.480832 5.064477
v -3.108711 3.025019 3.864324
v -2.595173 3.690706 3.802932
v -3.083396 3.348512 2.613088
v -2.822156 3.604357 1.413936
v -3.254090 2.536381 2.718586
v -3.390981 2.984818 1.487346
v -2.275639 -2.077316 4.303578
v -3.053262 -2.053128 3.736870
v -2.985421 -2.208981 4.442351
v -3.302179 -1.938002 1.722439
v -3.251433 -2.197812 2.766118
v -2.132015 -1.975639 3.627444
v -2.199041 -1.871464 2.526508
v 3.699973 -1.713107 -0.541087
v 3.988841 -2.068895 -1.682978
v 4.175615 -1.588686 -2.773396
v 3.964381 -1.060872 -2.002083
v 3.026367 -1.234442 -1.289602
v 2.979521 -1.340144 -1.036887
v 2.875556 -0.704255 -1.982519
v 3.110706 -0.884151 -1.734978
v 4.197929 -0.485324 -2.954537
v 3.941433 0.178769 -2.177931
v 2.566186 -0.098046 -1.994539
v 2.353861 -1.796322 1.481709
v 3.317666 -1.932459 1.724092
v 3.602144 -2.135111 0.488742
v 2.710709 -1.445637 -0.384755
v 2.574721 -1.614388 0.337480
v 2.506804 -1.700392 0.776159
v -1.286400 -2.157115 10.005407
v -1.803832 -2.221355 10.274456
v -1.439656 -2.131137 10.576285
v 2.147373 -1.975640 3.627444
v 3.070682 -2.053128 3.736870
v 3.268979 -2.197510 2.766208
v 2.213683 -1.870894 2.526677
v 2.292813 -2.077316 4.303578
v 3.003266 -2.208981 4.442351
v 0.612690 -2.136880 10.257869
v 0.009017 -2.123159 10.885096
v 0.869715 -2.239418 10.830980
v 1.457690 -2.131137 10.576287
v -0.594733 -2.136880 10.257868
v -0.851673 -2.239418 10.830976
v 1.304357 -2.157115 10.005409
v 1.821867 -2.221355 10.274456
v -1.540646 -2.091572 -6.885665
v -2.859779 -1.616540 -6.477149
v -1.552146 -1.081573 -6.898064
v 0.009021 -1.617226 -7.038698
v -2.861863 -0.487498 -6.480467
v -1.552106 0.147027 -6.902171
v 0.009021 -0.491951 -7.041645
v 1.570189 -1.081573 -6.898063
v 1.570149 0.147027 -6.902170
v 2.879906 -0.487498 -6.480467
v 1.558688 -2.091572 -6.885665
v 2.877822 -1.616540 -6.477149
v -4.249872 -2.090199 -3.920965
v -4.165315 -1.600094 -2.806195
v -4.265119 -1.072859 -3.905260
v -4.162077 -1.614876 -4.924268
v -4.181173 -0.460854 -2.960824
v -4.257260 0.176354 -3.916527
v -4.159180 -0.478145 -4.920404
v -3.724435 -1.078106 -5.801581
v -3.723199 0.162482 -5.811477
v -3.699945 -2.091399 -5.799417
v -2.671333 1.471230 6.370649
v -2.736919 1.603144 5.807767
v -1.871274 1.468318 5.634534
v -1.848026 1.517967 6.518096
v -2.828111 2.091552 6.326438
v -2.984533 2.065379 4.001678
v -2.152263 1.662748 4.833114
v -2.119308 1.729110 3.494925
v -3.288231 2.043480 1.689177
v -2.361469 1.716635 2.083120
v 2.681231 0.622247 -1.407720
v 4.168932 0.874904 -2.848293
v 3.991558 1.578865 -1.784034
v 3.655594 1.189415 -0.776720
v 4.066896 2.224826 -2.874321
v 2.851719 2.687057 -2.499936
v 3.795385 2.122838 -0.687315
v 3.281723 2.059336 1.638118
v 2.374843 1.643303 1.055902
v 3.499304 1.566256 0.155835
v 2.264870 0.992948 -0.588762
v 2.221230 1.347795 0.366702
v -1.595208 2.713426 10.311230
v -2.486587 2.475584 8.502012
v -1.644153 2.316366 8.623326
v -1.398050 2.578992 9.740877
v -2.662416 1.686581 6.732842
v -1.976393 1.975501 7.519900
v -2.013163 1.577052 6.765299
v 2.022722 1.716442 2.068091
v 3.003138 2.065379 4.001678
v 2.103251 1.729110 3.494926
v 2.170963 1.662748 4.833115
v 2.846154 2.091552 6.326438
v 2.755011 1.603144 5.807767
v 2.689380 1.471230 6.370648
v 1.866144 1.517967 6.518096
v 1.889800 1.468318 5.634534
v 0.641022 2.675404 10.571687
v 1.613287 2.713426 10.311232
v 0.009024 2.756007 10.945550
v -0.622922 2.675404 10.571687
v 2.031229 1.577052 6.765299
v 2.680460 1.686581 6.732842
v 1.994470 1.975501 7.519900
v 2.504663 2.475584 8.502012
v 1.416249 2.578992 9.740878
v 1.662332 2.316366 8.623326
v -2.861895 0.829649 -6.492565
v -1.552153 1.498074 -6.910933
v 0.009021 0.815334 -7.046709
v -2.859857 2.170584 -6.507117
v 0.009021 2.146021 -7.051249
v 1.570196 1.498073 -6.910932
v 2.877900 2.170583 -6.507117
v 2.879938 0.829649 -6.492565
v -4.146117 0.864677 -2.829907
v -4.260889 1.597259 -3.908922
v -4.159347 0.860561 -4.946071
v -3.063583 2.642325 -3.156603
v -2.740549 2.726098 -3.491797
v -4.159235 2.254137 -4.942742
v -4.099977 2.235376 -2.928580
v -3.724450 1.535933 -5.835837
v -2.591213 -3.312196 -3.940900
v -3.365757 -3.121247 -2.898569
v -3.932016 -2.846817 -3.941222
v -3.350497 -3.106760 -4.895316
v -4.086315 -2.501947 -2.865762
v -4.058895 -2.502457 -4.929238
v -3.431318 -2.835226 -5.749385
v -2.785706 -2.498970 -6.444129
v -2.342352 -3.257596 -5.637364
v -2.380123 -3.074305 -6.251240
v -1.222740 -3.250869 -6.228257
v -1.437364 -2.832355 -6.760746
v 0.009021 -3.089912 -6.674050
v 0.009021 -2.500299 -6.989824
v 1.455407 -2.832355 -6.760747
v 2.803748 -2.498969 -6.444129
v 1.240782 -3.250868 -6.228255
v 2.398165 -3.074305 -6.251240
v 2.411865 -3.116933 6.316027
v 2.614879 -2.863474 7.546517
v 2.130785 -3.099373 8.639691
v 2.029652 -2.392371 7.876175
v 2.438433 -2.555099 8.705306
v 2.796784 -2.591570 6.459292
v 1.636171 -2.285359 9.356617
v 1.589233 -2.491232 10.432071
v 2.062524 -2.812208 9.646694
v 1.425715 -3.063817 10.192615
v 0.844755 -2.818873 10.748342
v 0.009021 -3.080446 10.671149
v 0.009021 -2.505473 10.959810
v -0.826712 -2.818873 10.748344
v -1.571191 -2.491232 10.432071
v -1.407673 -3.063818 10.192615
v 2.829943 -3.117799 1.457303
v 3.085404 -2.839605 2.659577
v 2.601442 -3.115954 3.830137
v 3.393493 -2.505592 1.552180
v 3.111867 -2.500178 3.882550
v 1.991000 -2.371701 6.578279
v 2.851727 -2.835295 5.105660
v 2.038089 -2.261226 5.098191
v -2.044482 -2.812209 9.646695
v -2.112743 -3.099374 8.639691
v -2.420399 -2.555099 8.705305
v -1.618213 -2.285359 9.356617
v -2.778861 -2.591569 6.459290
v -2.596841 -2.863474 7.546517
v -2.011738 -2.392371 7.876175
v -2.393827 -3.116933 6.316027
v 3.383801 -3.121247 -2.898570
v 3.727331 -2.846920 -1.811909
v 3.110961 -3.120438 -0.756698
v 4.103930 -2.501234 -2.863958
v 3.751920 -2.500934 -0.680990
v 3.384354 -2.843012 0.370254
v -2.833760 -2.835295 5.105660
v -2.583403 -3.115953 3.830136
v -3.093922 -2.500178 3.882550
v -1.973537 -2.371701 6.578277
v -2.021116 -2.261227 5.098191
v -3.067365 -2.839604 2.659577
v -3.375570 -2.505893 1.552090
v -2.811900 -3.117799 1.457303
v 2.360395 -3.257596 -5.637365
v 3.449360 -2.835226 -5.749386
v 3.368540 -3.106760 -4.895316
v 3.717988 -2.091399 -5.799417
v 4.076938 -2.502457 -4.929239
v 3.950059 -2.846817 -3.941222
v 4.267488 -2.089485 -3.919159
v 2.609256 -3.312196 -3.940900
v -3.366311 -2.843012 0.370254
v -3.092918 -3.120438 -0.756698
v -3.586304 -2.141252 0.485319
v -3.734401 -2.501948 -0.682884
v -3.709288 -2.846920 -1.811909
v -3.978573 -2.082041 -1.715552
v -2.742739 1.382607 0.491512
v -3.507205 1.545857 0.196525
v -3.669895 1.182736 -0.741039
v -2.694623 0.993501 -0.593263
v -2.571987 1.293612 0.206778
v -2.661391 1.588962 0.985992
v -2.617327 1.659637 1.267501
v -3.579092 2.552822 0.464963
v -3.775251 2.126493 -0.683520
v -3.210693 2.670575 -2.623476
v -3.975080 1.586696 -1.797435
v -3.900317 2.816942 -1.818085
v -3.181871 2.747421 -2.468533
v -3.032728 0.501618 -1.550867
v -2.962631 0.738476 -1.213931
v -3.960986 0.190214 -2.165090
v 3.741242 0.162482 -5.811477
v 3.742451 1.536473 -5.834983
v 4.177348 0.861101 -4.945216
v 3.717966 2.799544 -5.849779
v 4.176541 2.263858 -4.927366
v 2.954393 2.666198 -3.438765
v 2.686988 2.646726 -3.134188
v 4.278076 1.606451 -3.892725
v 4.183268 2.891919 -4.050665
v 3.252919 2.742942 -3.511231
v 4.275533 0.175602 -3.917410
v -3.652054 -1.728810 -0.583488
v -2.306352 -1.798454 1.461729
v -1.962728 -1.654157 0.548580
v -2.249146 -1.452971 -0.380370
v -3.120111 0.021116 -1.937197
v -3.916005 -1.044967 -2.047707
v -2.534978 -0.770912 -1.852353
v -2.867167 -0.170808 -2.064429
v -2.659686 -1.290421 -1.216821
v 3.742478 -1.078106 -5.801581
v 4.180120 -1.614876 -4.924268
v 4.177223 -0.478145 -4.920404
v 4.282671 -1.073583 -3.903140
v 2.360502 4.199205 -5.663172
v 0.009021 4.331777 -5.709463
v 1.386597 4.346030 -4.914147
v -1.368555 4.346030 -4.914147
v 0.009021 4.369717 -3.975171
v 2.610039 4.212499 -3.983396
v 0.009021 -3.379466 -5.693579
v -1.368408 -3.403881 -4.889700
v 1.386450 -3.403881 -4.889700
v 0.009021 -3.468388 -3.949642
v 3.449321 3.712022 -5.791227
v 4.072785 3.333580 -4.948781
v 3.368800 4.026839 -4.941014
v 3.945422 3.731402 -3.966320
v 2.690455 3.399122 -3.200102
v 3.008633 3.130310 -3.499623
v -3.378623 3.390629 0.297063
v -3.747252 3.142899 -0.816404
v -3.099597 3.745702 -0.821745
v -3.716305 3.613307 -1.937027
v -2.439034 3.393037 -1.993173
v -2.808306 3.193357 -2.115698
v -3.113858 3.067992 -2.278838
v -3.056058 3.428052 -2.582607
v -2.758813 3.436130 -2.366029
v 0.019415 3.270118 -3.218384
v -0.043488 2.761110 -3.169803
v -0.136236 3.463493 -2.264458
v -0.196935 3.255898 -2.018990
v 0.008568 -0.411902 -1.924468
v -0.381089 1.072566 -0.199398
v 0.008338 -2.270565 6.212502
v 0.009135 2.356295 8.917848
v 0.399274 -1.425549 -0.259733
v 0.009274 1.533270 6.105769
v -0.170217 1.608897 2.735866
v 0.188075 -1.745368 1.320260
v 0.006729 -1.905416 3.262292
v -4.009322 3.354248 -3.801903
v -3.430888 4.012539 -3.995205
v -3.032965 4.007979 -5.719965
v -3.626396 3.307018 -5.831702
v -1.510402 3.264114 -6.870104
v -1.313554 3.983509 -6.586609
v 1.331596 3.983509 -6.586609
v 1.528444 3.264115 -6.870105
v 2.762532 3.198828 7.533947
v 2.311845 3.938056 7.525568
v 1.868318 3.964511 9.551482
v 2.189651 3.253196 9.627959
v 0.881790 3.263216 10.829845
v 0.788443 3.966444 10.569727
v -0.770400 3.966444 10.569726
v -0.863748 3.263216 10.829845
v -0.929475 -3.426315 7.522397
v 0.947518 -3.426314 7.522397
v 0.800443 -3.345575 9.528170
v -0.782401 -3.345575 9.528170
v 0.950522 4.305319 7.520111
v -0.932480 4.305319 7.520113
v -0.785270 4.283863 9.533244
v 0.803312 4.283863 9.533244
v 1.115799 3.925719 2.573926
v -1.097757 3.925718 2.573926
v -1.015672 4.127742 5.038255
v 1.033714 4.127742 5.038255
v -1.094743 -3.440126 2.589881
v 1.112785 -3.440126 2.589881
v 1.030576 -3.439412 5.046762
v -1.012533 -3.439412 5.046762
v 3.258857 2.986142 2.658199
v 2.719834 3.622468 2.588368
v 2.517931 3.784606 5.048721
v 3.010201 3.084006 5.093904
v -2.171606 3.253197 9.627958
v -1.850276 3.964512 9.551482
v -2.293803 3.938056 7.525570
v -2.744489 3.198828 7.533947
v 3.760730 3.303022 -2.018720
v 3.262884 3.858974 -1.905206
v 2.973942 3.651442 0.281409
v 3.579270 3.035923 0.339063
v -1.315774 -3.441403 -1.853246
v 1.333816 -3.441403 -1.853246
v 1.216240 -3.440850 0.303766
v -1.198197 -3.440850 0.303766
v 1.335002 4.152441 -1.886719
v -1.316960 4.152441 -1.886719
v -1.200493 3.935790 0.277806
v 1.218535 3.935789 0.277806
v -2.992156 3.084005 5.093905
v -2.499888 3.784606 5.048721
v -2.701791 3.622468 2.588369
v -3.240706 2.986021 2.658472
v -2.933052 -2.089796 4.175546
v -3.060177 -1.983593 2.894103
v 3.840060 -1.515313 -1.497763
v 3.862928 -0.526511 -2.206654
v 3.386287 -1.759472 0.549646
v -1.656106 -2.141389 10.405946
v 3.076497 -1.983084 2.894256
v 2.950835 -2.089796 4.175546
v 0.834406 -2.127102 10.758260
v -0.816375 -2.127102 10.758256
v 1.674132 -2.141389 10.405945
v -1.550738 -1.617038 -6.896252
v -1.552117 -0.490776 -6.899421
v 1.570159 -0.490776 -6.899420
v 1.568781 -1.617038 -6.896253
v -4.267481 -1.612199 -3.905531
v -4.260812 -0.473566 -3.912092
v -3.723523 -0.482746 -5.804076
v -3.722289 -1.615812 -5.801975
v -2.556469 1.459433 6.121591
v -2.848549 1.974895 5.236202
v -3.052811 2.012665 2.770507
v 3.859034 0.890340 -1.739550
v 3.919408 2.285598 -1.952903
v 3.457996 1.973956 0.565174
v 3.330590 1.289912 -0.142754
v -2.119553 2.607345 9.451590
v -2.658258 2.171238 7.342732
v -2.592427 1.507759 6.539290
v 3.039373 2.014075 2.765560
v 2.866687 1.974895 5.236202
v 2.574580 1.459433 6.121591
v 0.857959 2.746058 10.784683
v -0.839906 2.746058 10.784683
v 2.610475 1.507759 6.539290
v 2.676306 2.171238 7.342732
v 2.137679 2.607346 9.451589
v -1.552121 0.819132 -6.906313
v -1.550748 2.152559 -6.913332
v 1.568790 2.152559 -6.913333
v 1.570163 0.819131 -6.906313
v -4.256662 0.869834 -3.920396
v -4.104303 2.385962 -3.777278
v -3.722119 2.200532 -5.844873
v -3.723619 0.844943 -5.823674
v -3.430387 -3.117373 -3.941074
v -4.170577 -2.503160 -3.934723
v -3.626731 -2.500423 -5.786000
v -3.032823 -3.088279 -5.685166
v -1.313546 -3.082444 -6.571941
v -1.510392 -2.499531 -6.851657
v 1.528434 -2.499531 -6.851658
v 1.331589 -3.082444 -6.571943
v 2.300503 -3.112857 7.532233
v 2.644161 -2.597124 7.599263
v 2.050499 -2.454597 9.775743
v 1.856559 -3.077590 9.549826
v 0.784318 -3.072736 10.555468
v 0.870970 -2.503184 10.816344
v -0.852928 -2.503184 10.816344
v -0.766276 -3.072736 10.555468
v 2.708545 -3.116886 2.622663
v 3.241406 -2.506188 2.711841
v 2.879957 -2.465139 5.209228
v 2.506071 -3.115504 5.070125
v -1.838517 -3.077590 9.549827
v -2.032464 -2.454597 9.775743
v -2.626145 -2.597124 7.599263
v -2.282461 -3.112857 7.532233
v 3.258371 -3.121631 -1.833220
v 3.940615 -2.498472 -1.772876
v 3.565644 -2.502519 0.423127
v 2.965334 -3.119016 0.335311
v -2.488038 -3.115503 5.070125
v -2.862235 -2.465139 5.209228
v -3.223434 -2.506226 2.711829
v -2.690503 -3.116886 2.622663
v 3.050866 -3.088280 -5.685167
v 3.644773 -2.500423 -5.786000
v 4.188566 -2.503070 -3.934498
v 3.448429 -3.117373 -3.941076
v -2.947292 -3.119016 0.335311
v -3.547876 -2.503286 0.422699
v -3.923544 -2.500115 -1.776948
v -3.240328 -3.121631 -1.833220
v -3.393522 1.285841 -0.087560
v -3.403074 1.901908 0.716686
v -3.926992 2.371675 -2.093946
v -3.818736 0.842435 -1.652083
v 3.741657 0.845011 -5.823566
v 3.740069 2.201747 -5.842950
v 4.098799 2.426802 -3.717664
v 4.275214 0.872260 -3.920880
v -3.320995 -1.781787 0.541367
v -3.849725 -0.410020 -2.231839
v -3.852963 -1.565140 -1.625683
v 3.740331 -1.615812 -5.801975
v 3.741565 -0.482746 -5.804076
v 4.278694 -0.476625 -3.911306
v 4.284555 -1.610773 -3.901432
v 1.301093 4.300927 -5.685417
v -1.283050 4.300927 -5.685417
v -1.392622 4.330869 -3.975887
v 1.410664 4.330868 -3.975887
v -1.283002 -3.350489 -5.666751
v 1.301045 -3.350488 -5.666752
v 1.410310 -3.429337 -3.945899
v -1.392268 -3.429337 -3.945899
v 3.644444 3.307085 -5.831596
v 3.051008 4.007979 -5.719966
v 3.448941 4.012518 -3.995154
v 4.028978 3.354885 -3.799923
v -3.560155 3.034261 0.342818
v -2.955900 3.651464 0.281359
v -3.244860 3.859350 -1.906110
v -3.781693 3.315978 -2.059206
v 0.594773 2.915846 -3.373497
v -0.034275 3.410466 -1.976088
v -0.795670 2.907929 -2.594026
v -0.549399 3.441446 -2.779470
v -0.776034 0.426951 -1.406682
v 0.008860 -2.243227 8.651567
v 0.009101 2.591040 9.989127
v 0.787620 -1.094045 -1.246842
v 0.001713 1.549394 4.592375
v 0.019729 -1.818880 2.138350
v 0.727326 -1.625627 0.554435
v -0.686766 1.475944 1.121766
v 0.009071 1.834938 7.391607
v 0.007883 -2.089276 4.468887
vn -0.0494 -0.9909 0.1251
vn -0.9449 0.3252 0.0372
vn -0.9304 0.3655 -0.0276
vn -0.9787 0.2047 0.0174
vn -0.3453 -0.1253 0.9301
vn -0.1779 -0.7930 0.5827
vn -0.4708 0.8799 0.0640
vn -0.2285 0.9711 0.0684
vn -0.2372 0.9715 -0.0004
vn -0.5103 0.8590 -0.0417
vn -0.5255 0.8129 -0.2512
vn -0.2464 0.9624 -0.1143
vn -0.2491 0.9176 -0.3098
vn -0.4406 0.6930 -0.5706
vn -0.8826 0.1598 -0.4422
vn -0.8048 0.4404 -0.3978
vn -0.5703 0.3367 -0.7493
vn -0.6006 0.1117 -0.7917
vn -0.2931 0.0815 -0.9526
vn -0.2818 0.2559 -0.9247
vn -0.0831 0.2357 -0.9683
vn -0.0871 0.0724 -0.9936
vn -0.2330 0.5743 -0.7848
vn -0.1369 0.8572 -0.4965
vn -0.0388 0.8684 -0.4944
vn -0.0670 0.5563 -0.8283
vn 0.0670 0.5563 -0.8283
vn 0.0388 0.8684 -0.4944
vn 0.1369 0.8572 -0.4965
vn 0.2330 0.5743 -0.7848
vn 0.0871 0.0724 -0.9936
vn 0.0831 0.2357 -0.9683
vn 0.2818 0.2559 -0.9247
vn 0.2931 0.0815 -0.9526
vn 0.9939 0.0114 0.1093
vn 0.9477 0.3063 0.0893
vn 0.9444 0.2838 0.1663
vn 0.9832 0.0196 0.1812
vn 0.6966 0.7167 0.0338
vn 0.3700 0.9288 -0.0199
vn 0.3921 0.9195 0.0294
vn 0.7220 0.6843 0.1020
vn 0.7385 0.6305 0.2390
vn 0.4133 0.9031 0.1167
vn 0.4267 0.8610 0.2767
vn 0.6797 0.5565 0.4778
vn 0.9388 0.0251 0.3436
vn 0.9127 0.2457 0.3265
vn 0.7913 0.1963 0.5791
vn 0.8046 0.0035 0.5938
vn 0.5224 -0.0073 0.8527
vn 0.5094 0.1720 0.8432
vn 0.1698 0.1781 0.9692
vn 0.1765 -0.0008 0.9843
vn 0.4326 0.5310 0.7286
vn 0.2548 0.8547 0.4522
vn 0.0743 0.8894 0.4511
vn 0.1360 0.5606 0.8168
vn -0.1360 0.5606 0.8168
vn -0.0743 0.8894 0.4511
vn -0.2548 0.8547 0.4522
vn -0.4326 0.5310 0.7286
vn -0.1765 -0.0008 0.9843
vn -0.1698 0.1781 0.9692
vn -0.5094 0.1720 0.8432
vn -0.5224 -0.0073 0.8526
vn -0.1451 -0.9893 0.0148
vn -0.0418 -0.9991 0.0092
vn -0.0422 -0.9988 0.0262
vn -0.1484 -0.9884 0.0327
vn 0.0418 -0.9991 0.0092
vn 0.1451 -0.9893 0.0148
vn 0.1484 -0.9884 0.0327
vn 0.0422 -0.9988 0.0262
vn 0.0412 -0.9970 0.0655
vn 0.1490 -0.9861 0.0731
vn 0.1427 -0.9771 0.1581
vn 0.0416 -0.9861 0.1611
vn -0.1490 -0.9861 0.0731
vn -0.0412 -0.9970 0.0655
vn -0.0416 -0.9861 0.1611
vn -0.1427 -0.9770 0.1581
vn 0.1629 0.9855 -0.0468
vn 0.0467 0.9973 -0.0563
vn 0.0484 0.9987 -0.0147
vn 0.1712 0.9852 -0.0052
vn -0.0467 0.9973 -0.0563
vn -0.1629 0.9855 -0.0468
vn -0.1712 0.9852 -0.0052
vn -0.0484 0.9987 -0.0147
vn -0.0478 0.9976 0.0508
vn -0.1743 0.9829 0.0601
vn -0.1671 0.9705 0.1736
vn -0.0484 0.9828 0.1783
vn 0.1743 0.9829 0.0601
vn 0.0478 0.9976 0.0508
vn 0.0484 0.9828 0.1783
vn 0.1671 0.9705 0.1736
vn 0.1132 0.9934 -0.0179
vn 0.0321 0.9991 -0.0273
vn 0.0355 0.9968 -0.0722
vn 0.1247 0.9903 -0.0619
vn -0.0321 0.9991 -0.0273
vn -0.1132 0.9934 -0.0179
vn -0.1247 0.9903 -0.0619
vn -0.0355 0.9968 -0.0722
vn -0.0394 0.9950 -0.0917
vn -0.1379 0.9871 -0.0813
vn -0.1511 0.9856 -0.0753
vn -0.0433 0.9954 -0.0854
vn 0.1379 0.9871 -0.0813
vn 0.0394 0.9950 -0.0917
vn 0.0433 0.9954 -0.0854
vn 0.1511 0.9856 -0.0753
vn -0.1253 -0.9921 0.0079
vn -0.0361 -0.9993 0.0010
vn -0.0377 -0.9993 0.0008
vn -0.1308 -0.9914 0.0069
vn 0.0361 -0.9993 0.0010
vn 0.1253 -0.9921 0.0079
vn 0.1308 -0.9914 0.0069
vn 0.0377 -0.9993 0.0008
vn 0.0392 -0.9992 0.0010
vn 0.1360 -0.9907 0.0065
vn 0.1408 -0.9900 0.0084
vn 0.0406 -0.9992 0.0032
vn -0.1360 -0.9907 0.0065
vn -0.0392 -0.9992 0.0010
vn -0.0406 -0.9992 0.0032
vn -0.1408 -0.9900 0.0084
vn 0.9898 0.0571 0.1306
vn 0.8993 0.4235 0.1095
vn 0.9178 0.3885 0.0819
vn 0.9932 0.0371 0.1108
vn 0.5640 0.8241 0.0530
vn 0.2667 0.9638 0.0057
vn 0.2915 0.9559 -0.0359
vn 0.6005 0.7994 0.0165
vn 0.6368 0.7710 -0.0010
vn 0.3188 0.9462 -0.0547
vn 0.3457 0.9371 -0.0488
vn 0.6691 0.7431 0.0041
vn 0.9951 0.0187 0.0966
vn 0.9329 0.3541 0.0656
vn 0.9429 0.3267 0.0653
vn 0.9958 0.0097 0.0913
vn -0.8046 0.0035 0.5938
vn -0.7913 0.1963 0.5791
vn -0.9127 0.2457 0.3265
vn -0.9388 0.0250 0.3436
vn -0.6797 0.5565 0.4778
vn -0.4267 0.8610 0.2767
vn -0.4133 0.9031 0.1167
vn -0.7385 0.6305 0.2390
vn -0.7220 0.6843 0.1020
vn -0.3921 0.9195 0.0294
vn -0.3700 0.9288 -0.0199
vn -0.6966 0.7167 0.0338
vn -0.9832 0.0195 0.1812
vn -0.9444 0.2838 0.1663
vn -0.9477 0.3063 0.0893
vn -0.9939 0.0114 0.1093
vn -0.0601 -0.9910 -0.1197
vn -0.0110 -0.9887 -0.1497
vn 0.9640 0.1841 0.1920
vn 0.9434 0.3143 0.1059
vn 0.9852 0.1656 0.0453
vn 0.3169 0.0715 -0.9458
vn -0.0050 0.5629 -0.8265
vn 0.4586 0.8775 0.1403
vn 0.2251 0.9674 0.1161
vn 0.2277 0.9651 0.1297
vn 0.4800 0.8622 0.1618
vn 0.5050 0.8510 0.1441
vn 0.2347 0.9658 0.1100
vn 0.2473 0.9668 0.0646
vn 0.5315 0.8407 0.1039
vn 0.9794 0.1030 0.1737
vn 0.8583 0.4817 0.1767
vn 0.8791 0.4541 0.1452
vn 0.9853 0.0776 0.1524
vn -0.1033 -0.9946 0.0049
vn -0.0297 -0.9996 -0.0020
vn -0.0312 -0.9995 0.0008
vn -0.1083 -0.9941 0.0088
vn 0.0297 -0.9996 -0.0020
vn 0.1033 -0.9946 0.0049
vn 0.1083 -0.9941 0.0088
vn 0.0312 -0.9995 0.0008
vn 0.0328 -0.9995 0.0013
vn 0.1138 -0.9935 0.0094
vn 0.1195 -0.9928 0.0088
vn 0.0345 -0.9994 0.0012
vn -0.1138 -0.9935 0.0094
vn -0.0328 -0.9995 0.0013
vn -0.0345 -0.9994 0.0012
vn -0.1195 -0.9928 0.0088
vn 0.0968 0.9895 0.1071
vn 0.0274 0.9941 0.1048
vn 0.0274 0.9932 0.1129
vn 0.0969 0.9884 0.1168
vn -0.0274 0.9941 0.1048
vn -0.0968 0.9895 0.1071
vn -0.0969 0.9884 0.1168
vn -0.0274 0.9932 0.1129
vn -0.0280 0.9957 0.0886
vn -0.0991 0.9906 0.0941
vn -0.1044 0.9935 0.0450
vn -0.0296 0.9989 0.0375
vn 0.0991 0.9906 0.0941
vn 0.0280 0.9957 0.0886
vn 0.0296 0.9989 0.0375
vn 0.1044 0.9935 0.0450
vn -0.9958 0.0096 0.0912
vn -0.9429 0.3267 0.0653
vn -0.9329 0.3541 0.0656
vn -0.9952 0.0186 0.0965
vn -0.6691 0.7431 0.0041
vn -0.3457 0.9371 -0.0488
vn -0.3188 0.9462 -0.0547
vn -0.6368 0.7710 -0.0010
vn -0.6005 0.7994 0.0165
vn -0.2915 0.9559 -0.0359
vn -0.2667 0.9638 0.0057
vn -0.5640 0.8241 0.0530
vn -0.9932 0.0362 0.1106
vn -0.9179 0.3883 0.0818
vn -0.8997 0.4226 0.1093
vn -0.9901 0.0541 0.1298
vn -0.0827 0.9844 0.1554
vn -0.7816 0.5890 0.2053
vn -0.1201 0.9503 0.2872
vn -0.8612 0.4818 0.1618
vn -0.8156 0.5730 0.0811
vn -0.0754 0.9947 0.0700
vn -0.0724 0.9925 0.0983
vn -0.1262 0.9878 0.0914
vn 0.9629 0.2000 0.1813
vn 0.9745 0.0889 0.2061
vn 0.9675 0.0187 0.2522
vn 0.4368 0.5527 0.7097
vn 0.3947 0.8193 0.4159
vn 0.3446 0.9192 0.1907
vn -0.0259 0.7968 0.6037
vn 0.3507 0.5628 0.7485
vn 0.9314 0.1617 0.3261
vn 0.9315 -0.0599 0.3588
vn 0.1821 -0.2805 0.9424
vn 0.0783 0.0597 0.9951
vn 0.1101 0.9871 0.1164
vn 0.8924 0.4307 0.1348
vn 0.9157 0.3338 0.2238
vn 0.2844 0.9391 0.1931
vn 0.0801 0.9672 0.2411
vn 0.1509 0.9654 0.2126
vn 0.0714 0.9862 0.1496
vn -0.1942 0.9707 -0.1416
vn -0.6541 0.2358 0.7187
vn -0.0322 0.9980 -0.0541
vn 0.0751 0.9947 0.0704
vn 0.8140 0.5752 0.0807
vn 0.8607 0.4824 0.1629
vn 0.1241 0.9877 0.0949
vn 0.0720 0.9925 0.0988
vn 0.1200 0.9503 0.2872
vn 0.7811 0.5898 0.2049
vn 0.0825 0.9844 0.1553
vn 0.0095 0.9999 -0.0127
vn 0.1262 0.5500 0.8256
vn 0.3041 0.3915 0.8685
vn -0.0027 0.9999 -0.0108
vn 0.0027 0.9999 -0.0108
vn -0.3041 0.3915 0.8685
vn -0.1262 0.5500 0.8256
vn -0.0095 0.9999 -0.0127
vn 0.0322 0.9980 -0.0541
vn 0.6541 0.2358 0.7187
vn 0.1941 0.9707 -0.1416
vn -0.3047 -0.0273 -0.9521
vn -0.3050 -0.0038 -0.9523
vn -0.0909 -0.0036 -0.9959
vn -0.0909 -0.0242 -0.9956
vn -0.3049 -0.0027 -0.9524
vn -0.3040 -0.0055 -0.9526
vn -0.0905 -0.0037 -0.9959
vn -0.0908 -0.0020 -0.9959
vn 0.0908 -0.0020 -0.9959
vn 0.0905 -0.0037 -0.9959
vn 0.3040 -0.0055 -0.9526
vn 0.3049 -0.0027 -0.9524
vn 0.0909 -0.0242 -0.9956
vn 0.0909 -0.0036 -0.9959
vn 0.3050 -0.0038 -0.9523
vn 0.3047 -0.0273 -0.9521
vn -0.9955 -0.0320 0.0896
vn -0.9959 0.0002 0.0905
vn -0.9948 0.0027 -0.1020
vn -0.9937 -0.0391 -0.1055
vn -0.9963 0.0040 0.0860
vn -0.9962 0.0113 0.0868
vn -0.9951 0.0024 -0.0988
vn -0.9949 0.0053 -0.1007
vn -0.8964 0.0015 -0.4433
vn -0.8968 -0.0049 -0.4423
vn -0.6168 -0.0072 -0.7871
vn -0.6174 -0.0024 -0.7866
vn -0.8925 -0.0405 -0.4493
vn -0.8949 0.0004 -0.4462
vn -0.6169 -0.0032 -0.7870
vn -0.6155 -0.0347 -0.7873
vn -0.7092 -0.7003 -0.0815
vn -0.1855 -0.9671 -0.1741
vn 0.0233 -0.9982 0.0555
vn 0.0487 -0.9978 0.0441
vn -0.9806 -0.1956 0.0117
vn -0.9842 -0.1630 0.0691
vn -0.9691 -0.2270 0.0961
vn -0.4492 -0.8932 0.0171
vn -0.5253 -0.7700 -0.3622
vn -0.3671 -0.9301 -0.0096
vn -0.9501 -0.2988 0.0899
vn -0.9480 -0.2736 0.1625
vn -0.3806 -0.9146 0.1366
vn -0.2426 -0.9688 0.0502
vn 0.3348 -0.4686 0.8175
vn 0.9575 -0.0374 0.2861
vn 0.9709 -0.0903 0.2216
vn 0.9470 -0.2260 0.2285
vn 0.2941 -0.8907 0.3465
vn 0.3680 0.9286 0.0481
vn 0.5455 0.2512 -0.7996
vn 0.9962 0.0263 0.0827
vn 0.9874 0.0616 0.1461
vn 0.9752 0.1541 0.1587
vn 0.9596 -0.2318 0.1594
vn 0.3624 -0.9269 0.0978
vn 0.4753 -0.5985 0.6450
vn 0.9575 -0.0995 0.2705
vn 0.9729 -0.1036 0.2068
vn 0.1775 -0.9188 0.3526
vn 0.7840 -0.5188 0.3410
vn 0.2189 -0.8861 0.4086
vn 0.0802 -0.9332 0.3502
vn -0.7452 -0.4024 0.5317
vn -0.8632 -0.3551 0.3590
vn -0.2167 -0.9366 0.2754
vn -0.0888 -0.9651 0.2464
vn -0.1308 -0.9741 0.1844
vn -0.9520 -0.2338 0.1977
vn -0.9773 -0.1554 0.1441
vn -0.9607 -0.1903 0.2021
vn -0.3365 -0.7505 0.5688
vn -0.3401 -0.8976 0.2804
vn -0.1672 -0.8360 0.5226
vn -0.8049 -0.5012 0.3178
vn -0.0530 -0.9389 0.3401
vn 0.2934 -0.9506 0.1011
vn 0.9298 -0.3335 0.1554
vn 0.9416 -0.3276 0.0774
vn 0.3609 -0.9323 -0.0222
vn 0.2157 -0.9765 -0.0035
vn 0.4495 -0.8931 0.0174
vn 0.9692 -0.2265 0.0964
vn 0.9842 -0.1630 0.0692
vn 0.9806 -0.1956 0.0118
vn 0.5255 -0.7699 -0.3620
vn 0.7093 -0.7002 -0.0814
vn -0.0487 -0.9978 0.0441
vn -0.0233 -0.9982 0.0555
vn 0.1855 -0.9671 -0.1740
vn 0.1098 -0.9565 0.2704
vn 0.5003 -0.2858 0.8173
vn 0.1744 -0.2458 0.9535
vn 0.0524 -0.9543 0.2943
vn -0.0524 -0.9543 0.2943
vn -0.1744 -0.2458 0.9535
vn -0.5003 -0.2859 0.8173
vn -0.1098 -0.9565 0.2704
vn 0.0530 -0.9389 0.3401
vn 0.8049 -0.5012 0.3178
vn 0.1672 -0.8360 0.5226
vn 0.3365 -0.7505 0.5688
vn 0.9607 -0.1903 0.2021
vn 0.9773 -0.1554 0.1441
vn 0.9520 -0.2337 0.1977
vn 0.3401 -0.8976 0.2804
vn 0.8632 -0.3549 0.3590
vn 0.7452 -0.4023 0.5318
vn 0.1308 -0.9741 0.1844
vn 0.0888 -0.9651 0.2464
vn 0.2167 -0.9366 0.2754
vn -0.3023 -0.0082 -0.9532
vn -0.3000 -0.0092 -0.9539
vn -0.0892 -0.0059 -0.9960
vn -0.0899 -0.0053 -0.9959
vn -0.2976 -0.0054 -0.9547
vn -0.2955 0.0174 -0.9552
vn -0.0878 0.0164 -0.9960
vn -0.0884 -0.0026 -0.9961
vn 0.0884 -0.0026 -0.9961
vn 0.0878 0.0164 -0.9960
vn 0.2955 0.0174 -0.9552
vn 0.2976 -0.0054 -0.9547
vn 0.0899 -0.0053 -0.9959
vn 0.0892 -0.0059 -0.9960
vn 0.3000 -0.0092 -0.9539
vn 0.3023 -0.0082 -0.9532
vn -0.9954 0.0094 0.0958
vn -0.9951 -0.0109 0.0984
vn -0.9955 -0.0035 -0.0950
vn -0.9954 -0.0018 -0.0959
vn -0.1781 0.9813 0.0736
vn -0.3502 0.2247 0.9093
vn -0.9996 0.0008 0.0286
vn -0.9936 0.1094 -0.0282
vn -0.9871 0.1450 0.0676
vn -0.3621 0.9320 0.0174
vn -0.8986 0.0017 -0.4388
vn -0.8962 0.0167 -0.4433
vn -0.6065 0.0195 -0.7948
vn -0.6101 -0.0069 -0.7923
vn -0.8962 -0.0102 -0.4435
vn -0.8965 -0.0063 -0.4430
vn -0.6121 -0.0123 -0.7907
vn -0.6147 -0.0116 -0.7887
vn -0.2299 -0.9732 0.0075
vn -0.4801 -0.8767 0.0300
vn -0.4774 -0.8771 -0.0520
vn -0.2252 -0.9738 -0.0304
vn -0.8246 -0.5624 0.0620
vn -0.9802 -0.1801 0.0816
vn -0.9762 -0.1881 -0.1080
vn -0.8212 -0.5634 -0.0909
vn -0.7697 -0.5122 -0.3811
vn -0.8791 -0.1727 -0.4442
vn -0.6102 -0.1336 -0.7809
vn -0.5686 -0.3970 -0.7205
vn -0.2254 -0.9681 -0.1094
vn -0.4785 -0.8489 -0.2246
vn -0.4154 -0.7521 -0.5117
vn -0.2265 -0.9370 -0.2658
vn -0.1277 -0.8931 -0.4313
vn -0.2280 -0.6459 -0.7286
vn -0.0662 -0.6319 -0.7722
vn -0.0365 -0.9035 -0.4270
vn -0.2887 -0.3063 -0.9071
vn -0.3030 -0.1010 -0.9476
vn -0.0904 -0.0900 -0.9918
vn -0.0857 -0.2852 -0.9546
vn 0.0857 -0.2852 -0.9546
vn 0.0904 -0.0900 -0.9918
vn 0.3030 -0.1010 -0.9476
vn 0.2887 -0.3063 -0.9071
vn 0.0365 -0.9035 -0.4270
vn 0.0662 -0.6319 -0.7722
vn 0.2280 -0.6459 -0.7286
vn 0.1277 -0.8931 -0.4313
vn 0.3263 -0.9448 0.0307
vn 0.6138 -0.7871 0.0609
vn 0.6410 -0.7581 0.1203
vn 0.3387 -0.9391 0.0585
vn 0.3652 0.9309 0.0026
vn 0.9737 -0.1344 0.1840
vn 0.9752 -0.1883 0.1161
vn 0.3805 0.9216 0.0765
vn 0.4676 0.8702 -0.1553
vn 0.7537 -0.3117 0.5787
vn 0.7961 -0.2126 0.5666
vn 0.9330 -0.1114 0.3421
vn 0.3710 0.9257 0.0736
vn 0.3570 -0.9262 0.1214
vn 0.6814 -0.6904 0.2431
vn 0.6358 -0.6242 0.4540
vn 0.3720 -0.8938 0.2507
vn 0.2225 -0.8892 0.3997
vn 0.4012 -0.6063 0.6866
vn 0.1263 -0.6297 0.7665
vn 0.0647 -0.9165 0.3949
vn 0.4728 -0.2624 0.8412
vn 0.4197 -0.2025 0.8848
vn 0.1557 -0.0254 0.9875
vn 0.1618 -0.2180 0.9625
vn -0.1618 -0.2180 0.9625
vn -0.1557 -0.0254 0.9875
vn -0.4197 -0.2025 0.8848
vn -0.4728 -0.2624 0.8412
vn -0.0647 -0.9165 0.3949
vn -0.1263 -0.6297 0.7665
vn -0.4012 -0.6063 0.6866
vn -0.2225 -0.8892 0.3997
vn 0.2872 -0.9575 0.0268
vn 0.5768 -0.8142 0.0659
vn 0.5986 -0.7989 0.0589
vn 0.2997 -0.9538 0.0238
vn 0.8875 -0.4470 0.1121
vn 0.9847 -0.1153 0.1303
vn 0.9886 -0.1009 0.1118
vn 0.9010 -0.4226 0.0978
vn 0.2712 0.9605 0.0620
vn 0.9865 -0.1492 0.0669
vn 0.9556 -0.2639 0.1309
vn 0.9824 0.0081 0.1864
vn 0.1881 0.9177 0.3499
vn 0.1532 0.9851 0.0784
vn 0.3112 -0.9501 0.0213
vn 0.6179 -0.7846 0.0514
vn 0.6188 -0.7844 0.0423
vn 0.3193 -0.9474 0.0216
vn -0.3720 -0.8938 0.2507
vn -0.6358 -0.6242 0.4540
vn -0.6814 -0.6904 0.2431
vn -0.3570 -0.9262 0.1214
vn -0.9330 -0.1114 0.3421
vn -0.7961 -0.2126 0.5666
vn -0.7536 -0.3117 0.5787
vn -0.4676 0.8702 -0.1553
vn -0.3711 0.9257 0.0736
vn -0.9752 -0.1885 0.1161
vn -0.9737 -0.1344 0.1840
vn -0.3653 0.9309 0.0027
vn -0.3806 0.9216 0.0765
vn -0.3387 -0.9391 0.0585
vn -0.6410 -0.7581 0.1203
vn -0.6138 -0.7871 0.0609
vn -0.3263 -0.9448 0.0307
vn 0.2385 -0.9709 0.0236
vn 0.4932 -0.8676 0.0631
vn 0.5116 -0.8558 0.0770
vn 0.2494 -0.9679 0.0307
vn 0.8325 -0.5407 0.1204
vn 0.9760 -0.1557 0.1521
vn 0.9753 -0.1415 0.1696
vn 0.8441 -0.5176 0.1400
vn 0.8580 -0.4945 0.1391
vn 0.9771 -0.1322 0.1665
vn 0.9810 -0.1237 0.1494
vn 0.8730 -0.4706 0.1276
vn 0.2616 -0.9647 0.0316
vn 0.5327 -0.8427 0.0782
vn 0.5549 -0.8286 0.0735
vn 0.2745 -0.9611 0.0298
vn -0.3193 -0.9474 0.0216
vn -0.6187 -0.7845 0.0424
vn -0.6179 -0.7846 0.0514
vn -0.3112 -0.9501 0.0213
vn -0.9825 0.0080 0.1863
vn -0.9555 -0.2643 0.1308
vn -0.9865 -0.1498 0.0670
vn -0.2714 0.9605 0.0620
vn -0.1533 0.9851 0.0785
vn -0.1883 0.9177 0.3499
vn -0.9010 -0.4228 0.0978
vn -0.9885 -0.1018 0.1119
vn -0.9845 -0.1176 0.1305
vn -0.8873 -0.4473 0.1121
vn -0.2997 -0.9538 0.0238
vn -0.5986 -0.7989 0.0589
vn -0.5768 -0.8142 0.0659
vn -0.2872 -0.9575 0.0268
vn 0.2265 -0.9370 -0.2658
vn 0.4154 -0.7521 -0.5117
vn 0.4785 -0.8489 -0.2246
vn 0.2254 -0.9681 -0.1094
vn 0.5686 -0.3970 -0.7205
vn 0.6102 -0.1336 -0.7809
vn 0.8791 -0.1727 -0.4442
vn 0.7697 -0.5122 -0.3811
vn 0.8213 -0.5633 -0.0908
vn 0.9764 -0.1874 -0.1076
vn 0.9808 -0.1766 0.0831
vn 0.8250 -0.5616 0.0623
vn 0.2252 -0.9738 -0.0304
vn 0.4774 -0.8771 -0.0520
vn 0.4801 -0.8767 0.0300
vn 0.2299 -0.9732 0.0075
vn -0.2745 -0.9611 0.0298
vn -0.5549 -0.8286 0.0735
vn -0.5327 -0.8427 0.0782
vn -0.2616 -0.9647 0.0316
vn -0.8725 -0.4715 0.1277
vn -0.9804 -0.1282 0.1498
vn -0.9764 -0.1380 0.1664
vn -0.8572 -0.4959 0.1390
vn -0.8429 -0.5195 0.1400
vn -0.9742 -0.1485 0.1699
vn -0.9751 -0.1625 0.1507
vn -0.8315 -0.5425 0.1199
vn -0.2494 -0.9679 0.0307
vn -0.5116 -0.8558 0.0770
vn -0.4932 -0.8676 0.0631
vn -0.2385 -0.9709 0.0236
vn -0.3407 -0.8428 0.4166
vn -0.8588 -0.4095 0.3077
vn -0.2289 -0.9101 0.3454
vn -0.0771 -0.9296 0.3605
vn -0.0939 -0.9649 0.2453
vn -0.4686 -0.8367 0.2834
vn -0.4346 -0.8925 0.1209
vn -0.9681 -0.2043 0.1450
vn -0.9735 -0.1027 0.2044
vn -0.9652 -0.0595 0.2547
vn -0.5249 -0.6081 0.5955
vn -0.4495 0.8925 0.0371
vn -0.9775 0.1174 0.1752
vn -0.9871 0.0544 0.1507
vn -0.9946 -0.0107 0.1032
vn -0.6322 0.2680 -0.7270
vn -0.5537 0.7824 -0.2850
vn -0.3855 -0.7152 0.5830
vn -0.3164 -0.8802 0.3537
vn -0.9608 -0.1848 0.2069
vn -0.9714 -0.0861 0.2211
vn -0.9641 -0.0028 0.2656
vn -0.3656 -0.4815 0.7966
vn 0.6147 -0.0116 -0.7887
vn 0.6124 -0.0119 -0.7905
vn 0.8972 -0.0039 -0.4415
vn 0.8963 -0.0098 -0.4433
vn 0.6109 -0.0063 -0.7917
vn 0.6074 0.0188 -0.7942
vn 0.8984 0.0130 -0.4391
vn 0.9005 0.0051 -0.4348
vn 0.1752 0.9607 0.2152
vn 0.2742 0.9567 0.0973
vn 0.9787 0.1838 0.0913
vn 0.9924 0.1217 -0.0201
vn 0.9983 -0.0509 0.0288
vn 0.4520 0.2633 0.8523
vn 0.2561 -0.0872 0.9627
vn 0.9953 -0.0019 -0.0963
vn 0.9955 -0.0008 -0.0947
vn 0.9952 -0.0092 0.0976
vn 0.9955 0.0079 0.0941
vn -0.8730 0.4346 0.2214
vn -0.8578 0.5011 0.1147
vn -0.1126 0.9887 0.0990
vn -0.0707 0.9890 0.1297
vn -0.0759 0.9694 0.2333
vn -0.2148 0.9600 0.1798
vn -0.3083 -0.3314 0.8917
vn -0.9343 -0.1017 0.3417
vn -0.9311 0.1174 0.3455
vn -0.2193 0.5139 0.8293
vn -0.0970 0.2835 0.9541
vn 0.0175 -0.5364 0.8438
vn -0.9608 0.0624 0.2702
vn -0.9744 0.0892 0.2063
vn -0.9501 0.2400 0.1992
vn -0.2966 0.9371 0.1839
vn -0.3847 0.5472 0.7434
vn 0.6155 -0.0347 -0.7874
vn 0.6169 -0.0032 -0.7870
vn 0.8949 0.0004 -0.4462
vn 0.8925 -0.0405 -0.4493
vn 0.6174 -0.0024 -0.7866
vn 0.6168 -0.0072 -0.7871
vn 0.8968 -0.0049 -0.4423
vn 0.8964 0.0015 -0.4433
vn 0.9949 0.0049 -0.1003
vn 0.9951 0.0020 -0.0988
vn 0.9962 0.0094 0.0868
vn 0.9962 0.0026 0.0874
vn 0.9938 -0.0383 -0.1045
vn 0.9949 0.0021 -0.1010
vn 0.9956 -0.0020 0.0934
vn 0.9953 -0.0289 0.0924
vn 0.0914 0.9756 -0.1994
vn 0.0260 0.9778 -0.2079
vn 0.0262 0.9977 -0.0633
vn 0.0977 0.9929 -0.0675
vn -0.0260 0.9778 -0.2079
vn -0.0914 0.9756 -0.1994
vn -0.0978 0.9929 -0.0675
vn -0.0262 0.9977 -0.0633
vn -0.0274 0.9995 0.0150
vn -0.0986 0.9950 0.0131
vn -0.0978 0.9929 0.0676
vn -0.0276 0.9974 0.0670
vn 0.0986 0.9950 0.0131
vn 0.0274 0.9995 0.0150
vn 0.0276 0.9974 0.0670
vn 0.0978 0.9929 0.0676
vn -0.0847 -0.9815 -0.1717
vn -0.0246 -0.9834 -0.1799
vn -0.0253 -0.9970 -0.0736
vn -0.0916 -0.9930 -0.0749
vn 0.0246 -0.9834 -0.1799
vn 0.0847 -0.9815 -0.1717
vn 0.0916 -0.9930 -0.0749
vn 0.0253 -0.9970 -0.0736
vn 0.0271 -0.9992 -0.0288
vn 0.0955 -0.9951 -0.0269
vn 0.0992 -0.9951 -0.0043
vn 0.0285 -0.9996 -0.0092
vn -0.0955 -0.9951 -0.0269
vn -0.0271 -0.9992 -0.0288
vn -0.0285 -0.9996 -0.0092
vn -0.0992 -0.9951 -0.0043
vn 0.6009 0.1112 -0.7915
vn 0.5703 0.3366 -0.7493
vn 0.8049 0.4403 -0.3978
vn 0.8836 0.1572 -0.4411
vn 0.4406 0.6930 -0.5706
vn 0.2491 0.9176 -0.3098
vn 0.2464 0.9624 -0.1143
vn 0.5255 0.8129 -0.2512
vn 0.5104 0.8589 -0.0416
vn 0.2372 0.9715 -0.0004
vn 0.2286 0.9711 0.0685
vn 0.4715 0.8795 0.0645
vn 0.2199 -0.5983 0.7705
vn 0.4212 -0.0206 0.9067
vn 0.9704 0.2417 -0.0005
vn 0.9296 0.3674 -0.0283
vn 0.9556 0.2892 0.0571
vn 0.0378 -0.9917 0.1233
vn -0.9859 0.0715 0.1512
vn -0.8801 0.4521 0.1450
vn -0.8587 0.4808 0.1773
vn -0.9795 0.1000 0.1746
vn -0.5314 0.8407 0.1039
vn -0.2473 0.9668 0.0646
vn -0.2346 0.9659 0.1100
vn -0.5044 0.8513 0.1444
vn -0.4784 0.8631 0.1621
vn -0.2274 0.9651 0.1298
vn -0.2248 0.9675 0.1160
vn -0.4568 0.8785 0.1397
vn 0.0528 0.4495 -0.8917
vn 0.0463 0.7483 -0.6618
vn -0.5220 0.0762 -0.8495
vn -0.9777 0.1910 0.0872
vn -0.9246 0.3598 0.1255
vn -0.9362 0.2892 0.1998
vn -0.0012 -0.9896 -0.1439
vn 0.0992 -0.9901 -0.0993
vn 0.0629 -0.9838 -0.1677
vn 0.0875 0.0253 0.9958
vn 0.0649 -0.4266 0.9021
vn -0.0569 -0.5583 0.8277
vn -0.0693 0.0303 0.9971
vn -0.0580 0.9207 0.3860
vn 0.0785 0.8027 0.5912
vn 0.0747 0.5155 0.8536
vn 0.0047 -0.9768 -0.2140
vn -0.0115 -0.9792 -0.2027
vn -0.0100 0.2541 -0.9671
vn -0.0071 0.0720 -0.9974
vn -0.0172 0.8081 -0.5888
vn -0.0007 0.8487 -0.5289
vn 0.0086 0.8252 -0.5648
vn 0.0772 0.6206 -0.7803
vn 0.0803 0.9932 -0.0840
vn 0.0433 0.9895 -0.1380
vn -0.0393 0.9751 -0.2180
vn -0.1149 0.9898 -0.0842
vn -0.0763 0.8988 -0.4316
vn -0.1080 0.5232 -0.8454
vn 0.0397 -0.8864 0.4612
vn 0.0011 -0.9990 0.0439
vn -0.0089 -0.9992 0.0400
vn 0.0091 -0.9994 0.0348
vn 0.0071 -0.9996 0.0276
vn -0.0020 -0.9989 0.0462
vn -0.0385 -0.9227 0.3837
vn -0.0836 -0.4949 0.8649
vn 0.0784 -0.4392 0.8950
vn 0.0550 -0.6359 0.7698
vn 0.0622 -0.8970 0.4376
vn 0.0372 -0.8989 0.4366
vn -0.0491 -0.8834 0.4660
vn -0.1004 -0.9043 0.4149
vn -0.0625 -0.8103 0.5826
vn -0.0867 -0.6146 0.7840
vn -0.0762 -0.6188 0.7819
vn 0.0684 0.9962 -0.0538
vn 0.0915 0.9957 0.0131
vn 0.0504 0.9987 0.0030
vn -0.0504 0.9987 0.0031
vn -0.0915 0.9957 0.0132
vn -0.0684 0.9962 -0.0538
vn -0.0918 0.9848 -0.1477
vn -0.0037 0.9976 -0.0698
vn -0.0000 0.9979 -0.0642
vn 0.0037 0.9976 -0.0698
vn 0.0918 0.9848 -0.1477
vn -0.0284 -0.9761 0.2155
vn 0.0284 -0.9761 0.2155
vn 0.0199 -0.9908 0.1336
vn -0.0000 -0.9909 0.1344
vn -0.0199 -0.9908 0.1336
vn -0.0228 0.9590 0.2824
vn 0.0247 0.9527 0.3028
vn 0.1026 0.9744 0.1999
vn 0.0612 0.9167 0.3948
vn 0.0765 0.7766 0.6253
vn 0.0464 0.8285 0.5580
vn 0.0860 0.7027 0.7063
vn -0.0687 0.6401 0.7652
vn -0.0559 0.7784 0.6253
vn -0.0666 0.9728 0.2218
vn 0.0366 -0.9993 -0.0082
vn -0.0732 -0.9748 -0.2108
vn -0.0850 -0.9951 -0.0514
vn -0.0642 -0.9979 -0.0069
vn 0.0590 -0.9981 -0.0185
vn 0.0841 -0.9950 -0.0536
vn 0.0727 -0.9748 -0.2110
vn -0.0365 -0.9993 -0.0079
vn -0.0153 0.9944 0.1042
vn -0.0199 0.9973 0.0704
vn -0.0080 0.9975 0.0700
vn 0.0079 0.9975 0.0704
vn 0.0191 0.9971 0.0737
vn 0.0156 0.9944 0.1047
vn -0.0110 0.9890 0.1477
vn 0.0175 0.9876 0.1561
vn 0.0175 0.9807 0.1950
vn 0.0183 0.9706 0.2402
vn -0.0112 0.9703 0.2417
vn -0.0715 -0.9946 0.0758
vn -0.1098 -0.9885 0.1035
vn -0.0646 -0.9654 0.2525
vn -0.0910 -0.9136 0.3962
vn -0.0377 -0.9600 0.2775
vn -0.0419 -0.9550 0.2936
vn 0.0327 -0.9497 0.3114
vn 0.0653 -0.9223 0.3809
vn 0.0757 -0.9923 0.0980
vn 0.0608 -0.9974 0.0390
vn -0.0387 -0.8829 0.4681
vn 0.0475 -0.9639 0.2621
vn 0.0542 -0.9767 0.2078
vn -0.0542 -0.9767 0.2078
vn -0.0475 -0.9639 0.2621
vn 0.0387 -0.8829 0.4681
vn 0.0627 -0.9481 0.3117
vn 0.0321 -0.9505 0.3092
vn -0.0321 -0.9505 0.3092
vn -0.0627 -0.9481 0.3118
vn -0.0491 0.9940 0.0978
vn 0.0491 0.9940 0.0978
vn 0.0187 0.9727 0.2311
vn 0.0053 0.9890 0.1476
vn 0.0069 0.9887 0.1495
vn -0.0069 0.9887 0.1495
vn -0.0054 0.9890 0.1476
vn -0.0188 0.9727 0.2311
vt 0.602743 0.178769
vt 0.604625 0.179096
vt 0.600071 0.193601
vt 0.602141 0.182046
vt 0.611329 0.179199
vt 0.610551 0.196756
vt 0.610181 0.218818
vt 0.599214 0.219607
vt 0.584441 0.220512
vt 0.585756 0.198473
vt 0.587087 0.185658
vt 0.594314 0.185490
vt 0.601540 0.185323
vt 0.618457 0.178539
vt 0.618359 0.196404
vt 0.625000 0.176468
vt 0.625000 0.194851
vt 0.625000 0.213234
vt 0.618313 0.216585
vt 0.618303 0.240147
vt 0.610098 0.245776
vt 0.625000 0.231617
vt 0.625000 0.250000
vt 0.618301 0.272394
vt 0.610086 0.280435
vt 0.598970 0.248330
vt 0.583885 0.249190
vt 0.598935 0.283718
vt 0.583805 0.284686
vt 0.598942 0.327074
vt 0.583808 0.327712
vt 0.610097 0.324883
vt 0.610174 0.375000
vt 0.598998 0.375000
vt 0.583827 0.375000
vt 0.618309 0.320010
vt 0.625000 0.312500
vt 0.625000 0.375000
vt 0.618362 0.375000
vt 0.618770 0.429983
vt 0.610516 0.425113
vt 0.625000 0.437500
vt 0.625000 0.500000
vt 0.621672 0.477486
vt 0.611848 0.469534
vt 0.599171 0.422925
vt 0.583882 0.422288
vt 0.599625 0.466274
vt 0.584003 0.465313
vt 0.584416 0.697552
vt 0.601911 0.697720
vt 0.601871 0.713678
vt 0.585600 0.713199
vt 0.619421 0.697644
vt 0.618904 0.713352
vt 0.617396 0.731135
vt 0.601738 0.732369
vt 0.588222 0.732167
vt 0.640924 0.697474
vt 0.639904 0.712632
vt 0.670236 0.697328
vt 0.668934 0.711939
vt 0.664578 0.726264
vt 0.636595 0.728664
vt 0.629723 0.747581
vt 0.614598 0.753641
vt 0.654073 0.740481
vt 0.625000 0.750000
vt 0.621703 0.775813
vt 0.611923 0.785084
vt 0.601147 0.756426
vt 0.589754 0.756420
vt 0.600567 0.788866
vt 0.590617 0.789625
vt 0.600616 0.831541
vt 0.591583 0.832397
vt 0.610815 0.828587
vt 0.611148 0.881360
vt 0.601930 0.882756
vt 0.593844 0.883221
vt 0.618884 0.822166
vt 0.625000 0.812500
vt 0.625000 0.875000
vt 0.618694 0.878587
vt 0.619051 0.938581
vt 0.612409 0.939429
vt 0.625000 0.937500
vt 0.625000 1.000000
vt 0.619565 1.000000
vt 0.614129 1.000000
vt 0.604869 0.939882
vt 0.598238 0.940055
vt 0.608694 1.000000
vt 0.603258 1.000000
vt 0.125000 0.701023
vt 0.184523 0.698534
vt 0.184725 0.712336
vt 0.125000 0.713268
vt 0.240420 0.697651
vt 0.240963 0.711762
vt 0.242589 0.724971
vt 0.185252 0.725173
vt 0.125000 0.725512
vt 0.289274 0.697331
vt 0.290328 0.711627
vt 0.328502 0.697328
vt 0.329838 0.711939
vt 0.334308 0.726264
vt 0.293778 0.725136
vt 0.301256 0.737938
vt 0.245820 0.737622
vt 0.345095 0.740481
vt 0.375000 0.750000
vt 0.312500 0.750000
vt 0.250000 0.750000
vt 0.186240 0.737658
vt 0.125000 0.737756
vt 0.187500 0.750000
vt 0.125000 0.750000
vt 0.710123 0.697331
vt 0.709096 0.711627
vt 0.759335 0.697651
vt 0.758806 0.711762
vt 0.757221 0.724971
vt 0.705734 0.725136
vt 0.815401 0.698534
vt 0.815205 0.712336
vt 0.875000 0.701023
vt 0.875000 0.713268
vt 0.875000 0.725512
vt 0.814691 0.725173
vt 0.813727 0.737657
vt 0.754073 0.737622
vt 0.875000 0.737756
vt 0.875000 0.750000
vt 0.812500 0.750000
vt 0.750000 0.750000
vt 0.698448 0.737938
vt 0.687500 0.750000
vt 0.670632 0.634294
vt 0.710442 0.634248
vt 0.710442 0.650293
vt 0.670632 0.650318
vt 0.759511 0.634086
vt 0.759511 0.650199
vt 0.759511 0.666447
vt 0.710442 0.666378
vt 0.670632 0.666354
vt 0.815472 0.633679
vt 0.815472 0.649981
vt 0.875000 0.632503
vt 0.875000 0.649633
vt 0.875000 0.666763
vt 0.815472 0.666585
vt 0.815463 0.683007
vt 0.759489 0.682426
vt 0.875000 0.683893
vt 0.710402 0.682166
vt 0.670582 0.682100
vt 0.125000 0.632503
vt 0.184450 0.633679
vt 0.184450 0.649981
vt 0.125000 0.649633
vt 0.240240 0.634086
vt 0.240240 0.650199
vt 0.240240 0.666447
vt 0.184450 0.666585
vt 0.125000 0.666763
vt 0.288946 0.634248
vt 0.288946 0.650293
vt 0.328095 0.634294
vt 0.328095 0.650318
vt 0.328095 0.666354
vt 0.288946 0.666378
vt 0.288987 0.682166
vt 0.240262 0.682426
vt 0.328146 0.682100
vt 0.184459 0.683007
vt 0.125000 0.683893
vt 0.584699 0.634288
vt 0.602018 0.634305
vt 0.602034 0.650294
vt 0.584827 0.650076
vt 0.619597 0.634308
vt 0.619597 0.650325
vt 0.619597 0.666347
vt 0.602011 0.666340
vt 0.584637 0.666289
vt 0.641244 0.634306
vt 0.641244 0.650324
vt 0.641244 0.666348
vt 0.641204 0.682101
vt 0.619575 0.682119
vt 0.601910 0.682144
vt 0.583901 0.682226
vt 0.603258 0.000000
vt 0.608694 0.000000
vt 0.604658 0.012534
vt 0.596610 0.012957
vt 0.614129 0.000000
vt 0.612398 0.012432
vt 0.611060 0.025107
vt 0.601451 0.025301
vt 0.590498 0.025759
vt 0.619565 0.000000
vt 0.619043 0.012349
vt 0.625000 0.000000
vt 0.625000 0.012244
vt 0.625000 0.024488
vt 0.618633 0.024837
vt 0.618415 0.037671
vt 0.610386 0.038294
vt 0.625000 0.036732
vt 0.625000 0.048977
vt 0.618332 0.051468
vt 0.610161 0.052368
vt 0.599649 0.038659
vt 0.585661 0.039290
vt 0.599051 0.052763
vt 0.583820 0.053052
vt 0.611207 0.582745
vt 0.608463 0.576925
vt 0.604623 0.585133
vt 0.609333 0.586970
vt 0.605718 0.571105
vt 0.608478 0.570896
vt 0.620867 0.570440
vt 0.620508 0.586507
vt 0.619890 0.602618
vt 0.602671 0.602413
vt 0.584939 0.602672
vt 0.586640 0.587333
vt 0.587087 0.575059
vt 0.597273 0.583127
vt 0.607460 0.591196
vt 0.641105 0.570363
vt 0.641320 0.586854
vt 0.670236 0.570504
vt 0.670582 0.586935
vt 0.670632 0.602812
vt 0.641280 0.602785
vt 0.641248 0.618513
vt 0.619634 0.618493
vt 0.670632 0.618509
vt 0.602011 0.618493
vt 0.584015 0.618697
vt 0.125000 0.573532
vt 0.184523 0.571676
vt 0.184459 0.587627
vt 0.125000 0.588274
vt 0.240420 0.570994
vt 0.240262 0.587201
vt 0.240240 0.602859
vt 0.184450 0.602928
vt 0.125000 0.603017
vt 0.289274 0.570678
vt 0.288987 0.587004
vt 0.328502 0.570504
vt 0.328146 0.586935
vt 0.328095 0.602812
vt 0.288946 0.602824
vt 0.288946 0.618479
vt 0.240240 0.618374
vt 0.328095 0.618509
vt 0.184450 0.618135
vt 0.125000 0.617760
vt 0.710123 0.570678
vt 0.710402 0.587004
vt 0.759335 0.570994
vt 0.759489 0.587201
vt 0.759511 0.602859
vt 0.710442 0.602824
vt 0.815401 0.571676
vt 0.815463 0.587627
vt 0.875000 0.573532
vt 0.875000 0.588274
vt 0.875000 0.603017
vt 0.815472 0.602928
vt 0.815472 0.618135
vt 0.759511 0.618374
vt 0.875000 0.617760
vt 0.710442 0.618479
vt 0.598865 0.067831
vt 0.583133 0.067830
vt 0.610096 0.067577
vt 0.610086 0.083553
vt 0.598939 0.083630
vt 0.583844 0.083703
vt 0.618305 0.066994
vt 0.625000 0.066107
vt 0.625000 0.083237
vt 0.618301 0.083415
vt 0.618301 0.100019
vt 0.610086 0.099801
vt 0.625000 0.100367
vt 0.625000 0.117497
vt 0.618301 0.116321
vt 0.610086 0.115914
vt 0.598959 0.099734
vt 0.584000 0.099904
vt 0.598914 0.115727
vt 0.583640 0.115512
vt 0.408854 0.083445
vt 0.406467 0.086598
vt 0.405169 0.080662
vt 0.406301 0.079041
vt 0.401699 0.086072
vt 0.401794 0.076918
vt 0.403747 0.074637
vt 0.403115 0.115569
vt 0.402301 0.099665
vt 0.409091 0.098529
vt 0.410694 0.115160
vt 0.411359 0.088158
vt 0.413864 0.092872
vt 0.414474 0.104389
vt 0.415084 0.115906
vt 0.405010 0.603110
vt 0.406391 0.587567
vt 0.425720 0.589936
vt 0.418875 0.603433
vt 0.406136 0.570350
vt 0.423113 0.570464
vt 0.442079 0.568800
vt 0.442023 0.582475
vt 0.439765 0.592627
vt 0.437042 0.595478
vt 0.434318 0.598328
vt 0.432138 0.600621
vt 0.429957 0.602913
vt 0.453414 0.580326
vt 0.446590 0.586477
vt 0.462422 0.578323
vt 0.458344 0.575862
vt 0.464170 0.567473
vt 0.489483 0.567905
vt 0.489540 0.579253
vt 0.488661 0.583549
vt 0.475968 0.577474
vt 0.463275 0.571398
vt 0.415083 0.634094
vt 0.410780 0.634849
vt 0.416921 0.618451
vt 0.415166 0.632640
vt 0.402390 0.634447
vt 0.403866 0.618549
vt 0.428944 0.603981
vt 0.427930 0.605049
vt 0.424674 0.611792
vt 0.421419 0.618535
vt 0.418333 0.624860
vt 0.415248 0.631185
vt 0.391053 0.000636
vt 0.390662 0.002789
vt 0.390848 0.000614
vt 0.390968 0.000318
vt 0.390748 0.000000
vt 0.390816 0.000000
vt 0.390883 0.000000
vt 0.408854 0.666555
vt 0.406371 0.663401
vt 0.409043 0.651474
vt 0.411380 0.661847
vt 0.400910 0.663920
vt 0.401503 0.650342
vt 0.414494 0.645617
vt 0.413905 0.657139
vt 0.403747 0.675363
vt 0.401142 0.673062
vt 0.405052 0.669335
vt 0.406301 0.670959
vt 0.404230 0.879188
vt 0.401261 0.883008
vt 0.403027 0.833354
vt 0.404041 0.831346
vt 0.398215 0.883221
vt 0.399929 0.833263
vt 0.400399 0.796551
vt 0.403334 0.797629
vt 0.403851 0.783504
vt 0.390883 1.000000
vt 0.390816 1.000000
vt 0.396697 0.940022
vt 0.397557 0.939594
vt 0.390748 1.000000
vt 0.394558 0.940055
vt 0.403279 0.784535
vt 0.403799 0.782812
vt 0.401072 0.778872
vt 0.403747 0.782120
vt 0.406542 0.284686
vt 0.422374 0.284940
vt 0.422373 0.327878
vt 0.406539 0.327712
vt 0.441911 0.284977
vt 0.441911 0.327901
vt 0.441911 0.375000
vt 0.422371 0.375000
vt 0.406520 0.375000
vt 0.464581 0.284977
vt 0.464581 0.327901
vt 0.489464 0.284977
vt 0.489463 0.327901
vt 0.489464 0.375000
vt 0.464581 0.375000
vt 0.464581 0.422099
vt 0.441911 0.422099
vt 0.489463 0.422099
vt 0.489464 0.465023
vt 0.464581 0.465023
vt 0.441911 0.465023
vt 0.422364 0.422122
vt 0.406463 0.422288
vt 0.422348 0.465060
vt 0.406339 0.465313
vt 0.406724 0.179814
vt 0.422812 0.179962
vt 0.422429 0.198676
vt 0.406565 0.198594
vt 0.442323 0.181426
vt 0.441963 0.198868
vt 0.441911 0.221194
vt 0.422374 0.221175
vt 0.406542 0.221046
vt 0.465124 0.182620
vt 0.464649 0.199018
vt 0.489724 0.182011
vt 0.489496 0.198942
vt 0.489464 0.221194
vt 0.464581 0.221194
vt 0.464581 0.249506
vt 0.441911 0.249506
vt 0.489463 0.249506
vt 0.422374 0.249475
vt 0.406542 0.249256
vt 0.549358 0.053617
vt 0.547485 0.060201
vt 0.541500 0.056100
vt 0.542175 0.053164
vt 0.542374 0.065029
vt 0.540416 0.059410
vt 0.538459 0.053791
vt 0.539362 0.053012
vt 0.540264 0.052234
vt 0.564992 0.053456
vt 0.561389 0.067518
vt 0.565419 0.083783
vt 0.548490 0.083445
vt 0.545432 0.074237
vt 0.564579 0.100747
vt 0.551447 0.094249
vt 0.565164 0.115211
vt 0.549286 0.115906
vt 0.551845 0.110480
vt 0.554403 0.105054
vt 0.517509 0.586060
vt 0.507421 0.593231
vt 0.516038 0.569497
vt 0.541928 0.570255
vt 0.543062 0.585959
vt 0.545456 0.600840
vt 0.530768 0.599892
vt 0.526181 0.602913
vt 0.582333 0.571105
vt 0.584710 0.573082
vt 0.568551 0.584306
vt 0.565500 0.570809
vt 0.564943 0.602164
vt 0.565763 0.634226
vt 0.561484 0.619405
vt 0.549286 0.634094
vt 0.545830 0.628546
vt 0.542374 0.622998
vt 0.545632 0.613049
vt 0.535420 0.608222
vt 0.528495 0.604073
vt 0.536591 0.614116
vt 0.530809 0.605233
vt 0.588682 0.014431
vt 0.600341 0.000000
vt 0.579939 0.026546
vt 0.574825 0.024895
vt 0.577343 0.023238
vt 0.579861 0.021580
vt 0.588642 0.010790
vt 0.597423 0.000000
vt 0.567257 0.041053
vt 0.549290 0.049010
vt 0.542388 0.050641
vt 0.558607 0.037768
vt 0.542888 0.051453
vt 0.541326 0.051438
vt 0.564709 0.649211
vt 0.551863 0.639515
vt 0.565521 0.666215
vt 0.548490 0.666555
vt 0.551465 0.655746
vt 0.554439 0.644936
vt 0.561447 0.682527
vt 0.545432 0.675763
vt 0.564944 0.697060
vt 0.549304 0.696597
vt 0.547478 0.689826
vt 0.542374 0.684971
vt 0.542167 0.696886
vt 0.541499 0.693906
vt 0.540264 0.697766
vt 0.539362 0.696988
vt 0.538459 0.696209
vt 0.540416 0.690590
vt 0.582694 0.783504
vt 0.584861 0.788957
vt 0.586704 0.832350
vt 0.584487 0.831346
vt 0.589401 0.883008
vt 0.586281 0.879188
vt 0.594297 0.940022
vt 0.591852 0.939594
vt 0.600341 1.000000
vt 0.597423 1.000000
vt 0.542862 0.698702
vt 0.541319 0.698684
vt 0.549158 0.701537
vt 0.542374 0.699603
vt 0.566702 0.710994
vt 0.558088 0.714447
vt 0.577369 0.730515
vt 0.573803 0.729293
vt 0.581551 0.752889
vt 0.580026 0.760005
vt 0.577358 0.736506
vt 0.575581 0.732899
vt 0.515430 0.284977
vt 0.515430 0.327901
vt 0.540874 0.284977
vt 0.540874 0.327901
vt 0.540874 0.375000
vt 0.515430 0.375000
vt 0.564133 0.284940
vt 0.564133 0.327878
vt 0.564135 0.375000
vt 0.564142 0.422122
vt 0.540874 0.422099
vt 0.564157 0.465060
vt 0.540874 0.465023
vt 0.515430 0.422099
vt 0.515430 0.465023
vt 0.515652 0.180278
vt 0.515598 0.198605
vt 0.541878 0.179965
vt 0.542118 0.197728
vt 0.541416 0.220743
vt 0.515498 0.221137
vt 0.576393 0.186108
vt 0.581740 0.185883
vt 0.569811 0.193975
vt 0.579363 0.182502
vt 0.565364 0.220198
vt 0.565771 0.179929
vt 0.582333 0.178895
vt 0.564287 0.249352
vt 0.540942 0.249449
vt 0.515438 0.249499
vt 0.375000 0.176468
vt 0.379953 0.178568
vt 0.379953 0.196530
vt 0.375000 0.194851
vt 0.386124 0.179432
vt 0.386124 0.197763
vt 0.386124 0.219278
vt 0.379953 0.216643
vt 0.375000 0.213234
vt 0.394698 0.179798
vt 0.394678 0.198386
vt 0.394676 0.220604
vt 0.394676 0.248454
vt 0.386124 0.245833
vt 0.394676 0.283718
vt 0.386124 0.280435
vt 0.379953 0.240154
vt 0.375000 0.231617
vt 0.379953 0.272394
vt 0.375000 0.250000
vt 0.379945 0.320010
vt 0.375000 0.312500
vt 0.386113 0.324883
vt 0.386034 0.375000
vt 0.379891 0.375000
vt 0.375000 0.375000
vt 0.394667 0.327074
vt 0.394611 0.375000
vt 0.394433 0.422925
vt 0.385683 0.425113
vt 0.393967 0.466274
vt 0.384316 0.469534
vt 0.379471 0.429983
vt 0.375000 0.437500
vt 0.376492 0.477486
vt 0.375000 0.500000
vt 0.356642 0.697483
vt 0.357664 0.712641
vt 0.375868 0.697715
vt 0.376207 0.713427
vt 0.378269 0.731715
vt 0.361125 0.728737
vt 0.400327 0.729190
vt 0.390672 0.733366
vt 0.388711 0.713850
vt 0.397828 0.713478
vt 0.388569 0.698265
vt 0.395330 0.697766
vt 0.394187 0.761532
vt 0.402037 0.755655
vt 0.393483 0.791349
vt 0.384421 0.785673
vt 0.381779 0.754964
vt 0.368260 0.747747
vt 0.376488 0.775887
vt 0.379382 0.822175
vt 0.375000 0.812500
vt 0.385463 0.828660
vt 0.385251 0.881360
vt 0.379624 0.878587
vt 0.375000 0.875000
vt 0.393272 0.831851
vt 0.392222 0.882756
vt 0.389862 0.939882
vt 0.384255 0.939429
vt 0.386811 1.000000
vt 0.382874 1.000000
vt 0.379349 0.938581
vt 0.375000 0.937500
vt 0.378937 1.000000
vt 0.375000 1.000000
vt 0.356399 0.634306
vt 0.356401 0.650326
vt 0.376363 0.634308
vt 0.376379 0.650335
vt 0.376484 0.666420
vt 0.356414 0.666357
vt 0.391106 0.634325
vt 0.391028 0.650328
vt 0.391178 0.666044
vt 0.392501 0.682966
vt 0.394940 0.695353
vt 0.376499 0.682285
vt 0.399149 0.684152
vt 0.394550 0.692940
vt 0.356454 0.682121
vt 0.375000 0.000000
vt 0.378937 0.000000
vt 0.379337 0.012279
vt 0.375000 0.012244
vt 0.382874 0.000000
vt 0.384112 0.011874
vt 0.384890 0.024841
vt 0.379629 0.024804
vt 0.375000 0.024488
vt 0.389740 0.010192
vt 0.391341 0.024652
vt 0.386811 0.000000
vt 0.395506 0.012761
vt 0.399959 0.024886
vt 0.385525 0.052286
vt 0.385171 0.038244
vt 0.391582 0.038448
vt 0.392010 0.052131
vt 0.398496 0.038512
vt 0.397032 0.052139
vt 0.379772 0.037664
vt 0.375000 0.036732
vt 0.379861 0.051458
vt 0.375000 0.048977
vt 0.356726 0.570329
vt 0.356440 0.586901
vt 0.376544 0.570173
vt 0.376386 0.586879
vt 0.376363 0.602808
vt 0.356399 0.602809
vt 0.391648 0.570119
vt 0.391616 0.586956
vt 0.391434 0.602846
vt 0.391291 0.618521
vt 0.376363 0.618517
vt 0.356399 0.618516
vt 0.379961 0.066973
vt 0.375000 0.066107
vt 0.386207 0.067408
vt 0.386220 0.083479
vt 0.379965 0.083406
vt 0.375000 0.083237
vt 0.394275 0.083924
vt 0.395062 0.066974
vt 0.396722 0.054556
vt 0.396413 0.056972
vt 0.400080 0.065804
vt 0.394171 0.099704
vt 0.386136 0.099792
vt 0.394247 0.115735
vt 0.386124 0.115914
vt 0.379954 0.100018
vt 0.375000 0.100367
vt 0.379953 0.116321
vt 0.375000 0.117497
vt 0.368228 0.509365
vt 0.345096 0.515591
vt 0.381504 0.504066
vt 0.378623 0.530508
vt 0.361169 0.532680
vt 0.334308 0.534809
vt 0.393132 0.501522
vt 0.406135 0.500739
vt 0.405932 0.528942
vt 0.392289 0.529342
vt 0.391807 0.551526
vt 0.377075 0.551889
vt 0.405856 0.551409
vt 0.357773 0.552526
vt 0.329838 0.553173
vt 0.379953 0.131865
vt 0.375000 0.132240
vt 0.386124 0.131626
vt 0.386124 0.147141
vt 0.379953 0.147072
vt 0.375000 0.146983
vt 0.394415 0.131520
vt 0.404457 0.131490
vt 0.405534 0.147078
vt 0.394550 0.147162
vt 0.394700 0.163023
vt 0.386124 0.162852
vt 0.406735 0.162841
vt 0.379953 0.162404
vt 0.375000 0.161726
vt 0.542374 0.127002
vt 0.544964 0.136498
vt 0.534824 0.141604
vt 0.537674 0.134174
vt 0.545234 0.149037
vt 0.530469 0.149714
vt 0.526181 0.147087
vt 0.528493 0.145923
vt 0.530805 0.144759
vt 0.531890 0.143052
vt 0.532975 0.141346
vt 0.547267 0.119069
vt 0.548276 0.117487
vt 0.558957 0.128584
vt 0.544820 0.123035
vt 0.582659 0.130863
vt 0.584169 0.147368
vt 0.564894 0.147827
vt 0.571242 0.167643
vt 0.583487 0.177928
vt 0.543224 0.164240
vt 0.586491 0.163199
vt 0.587087 0.174941
vt 0.585864 0.175951
vt 0.584640 0.176961
vt 0.506568 0.157145
vt 0.516374 0.152116
vt 0.515679 0.162756
vt 0.497614 0.161798
vt 0.489978 0.170614
vt 0.488661 0.166451
vt 0.515441 0.500503
vt 0.489464 0.500494
vt 0.540960 0.500566
vt 0.541564 0.529384
vt 0.515516 0.528879
vt 0.489464 0.528806
vt 0.564378 0.500683
vt 0.584302 0.500821
vt 0.585207 0.529602
vt 0.565774 0.530086
vt 0.576394 0.563885
vt 0.579364 0.567495
vt 0.571165 0.557240
vt 0.577658 0.563939
vt 0.542438 0.552569
vt 0.586779 0.551776
vt 0.587087 0.564342
vt 0.583005 0.564168
vt 0.578922 0.563994
vt 0.515685 0.551400
vt 0.489466 0.551048
vt 0.416175 0.131589
vt 0.418437 0.147053
vt 0.415158 0.117366
vt 0.415232 0.118826
vt 0.421575 0.131893
vt 0.427918 0.144960
vt 0.428937 0.146023
vt 0.429957 0.147087
vt 0.466572 0.172041
vt 0.483096 0.169077
vt 0.442618 0.168066
vt 0.439765 0.157373
vt 0.451520 0.167988
vt 0.463274 0.178603
vt 0.470402 0.175153
vt 0.477531 0.171703
vt 0.424051 0.161878
vt 0.434861 0.152230
vt 0.422323 0.500525
vt 0.441911 0.500494
vt 0.441911 0.528806
vt 0.422298 0.528823
vt 0.464582 0.500494
vt 0.464581 0.528806
vt 0.464530 0.550994
vt 0.441932 0.551160
vt 0.422387 0.551375
vt 0.687500 0.500000
vt 0.698448 0.517848
vt 0.654073 0.515591
vt 0.750000 0.500000
vt 0.754073 0.518196
vt 0.757221 0.536237
vt 0.705734 0.535872
vt 0.664578 0.534809
vt 0.812500 0.500000
vt 0.813727 0.518299
vt 0.875000 0.500000
vt 0.875000 0.518383
vt 0.875000 0.536766
vt 0.814691 0.536498
vt 0.815205 0.554444
vt 0.758806 0.553937
vt 0.875000 0.555149
vt 0.709096 0.553589
vt 0.668934 0.553173
vt 0.125000 0.500000
vt 0.187500 0.500000
vt 0.186240 0.518299
vt 0.125000 0.518383
vt 0.250000 0.500000
vt 0.245820 0.518196
vt 0.242589 0.536237
vt 0.185252 0.536498
vt 0.125000 0.536766
vt 0.312500 0.500000
vt 0.301256 0.517848
vt 0.293778 0.535872
vt 0.290328 0.553589
vt 0.240963 0.553937
vt 0.184725 0.554444
vt 0.125000 0.555149
vt 0.600482 0.501648
vt 0.614603 0.504124
vt 0.617514 0.530966
vt 0.601611 0.530351
vt 0.629721 0.509373
vt 0.636610 0.532737
vt 0.639974 0.552652
vt 0.619464 0.552895
vt 0.604198 0.564572
vt 0.595642 0.564457
vt 0.602789 0.556329
vt 0.604958 0.567839
vt 0.598865 0.131501
vt 0.610121 0.131655
vt 0.610365 0.147375
vt 0.599572 0.147668
vt 0.618306 0.131869
vt 0.625000 0.132240
vt 0.625000 0.146983
vt 0.618336 0.147101
vt 0.618408 0.162462
vt 0.610943 0.163318
vt 0.625000 0.161726
vt 0.604250 0.158725
vt 0.602183 0.160648
vt 0.601960 0.165168
vt 0.605816 0.162929
vt 0.600116 0.162572
vt 0.593602 0.168756
vt 0.604410 0.174567
vt 0.606076 0.170366
vt 0.606729 0.168750
vt 0.607382 0.167133
vt 0.470234 0.455439
vt 0.547617 0.454549
vt 0.476852 0.386510
vt 0.433865 0.455438
vt 0.625000 0.453660
vt 0.625000 0.375020
vt 0.625000 0.296380
vt 0.547617 0.295470
vt 0.470234 0.294561
vt 0.422617 0.294623
vt 0.375000 0.294686
vt 0.375000 0.375048
vt 0.375000 0.455409
vt 0.386248 0.455423
vt 0.397496 0.455437
vt 0.625000 0.949808
vt 0.625000 0.874953
vt 0.500000 0.874939
vt 0.500000 0.949021
vt 0.625000 0.800099
vt 0.500000 0.800856
vt 0.375000 0.801613
vt 0.375000 0.874924
vt 0.375000 0.948235
vt 0.175532 0.713353
vt 0.176149 0.731677
vt 0.234644 0.608709
vt 0.173298 0.653580
vt 0.176765 0.750000
vt 0.250076 0.750000
vt 0.323387 0.750000
vt 0.326161 0.671903
vt 0.328936 0.593807
vt 0.329386 0.574818
vt 0.329836 0.555830
vt 0.330123 0.527915
vt 0.330409 0.500000
vt 0.250048 0.500000
vt 0.169686 0.500000
vt 0.169925 0.527915
vt 0.170164 0.555830
vt 0.170414 0.565145
vt 0.170664 0.574460
vt 0.170864 0.584133
vt 0.171065 0.593807
vt 0.671340 0.500000
vt 0.671661 0.539169
vt 0.760787 0.622724
vt 0.749980 0.500000
vt 0.671982 0.578338
vt 0.673540 0.664169
vt 0.675099 0.750000
vt 0.749953 0.750000
vt 0.824808 0.750000
vt 0.825226 0.726197
vt 0.825645 0.702394
vt 0.826832 0.640366
vt 0.828018 0.578338
vt 0.828319 0.539169
vt 0.828620 0.500000
vt 0.500000 0.288875
vt 0.497303 0.374990
vt 0.568513 0.358758
vt 0.513362 0.290064
vt 0.500000 0.461120
vt 0.523680 0.458914
vt 0.547359 0.456707
vt 0.582031 0.453853
vt 0.616703 0.450999
vt 0.620851 0.450710
vt 0.625000 0.450421
vt 0.625000 0.375031
vt 0.625000 0.299640
vt 0.620852 0.299320
vt 0.616703 0.299001
vt 0.598812 0.297641
vt 0.580922 0.296282
vt 0.564141 0.294787
vt 0.547359 0.293293
vt 0.537042 0.292273
vt 0.526724 0.291253
vt 0.304335 0.720206
vt 0.306981 0.706100
vt 0.249997 0.719145
vt 0.295762 0.730361
vt 0.309627 0.691994
vt 0.309938 0.689747
vt 0.310250 0.687500
vt 0.249984 0.685915
vt 0.189713 0.687500
vt 0.190043 0.689747
vt 0.190373 0.691994
vt 0.193019 0.706100
vt 0.195665 0.720206
vt 0.204238 0.730361
vt 0.212811 0.740516
vt 0.213041 0.740779
vt 0.213270 0.741042
vt 0.231635 0.744677
vt 0.250000 0.748312
vt 0.268365 0.744677
vt 0.286730 0.741042
vt 0.286959 0.740779
vt 0.287189 0.740516
vt 0.801751 0.687500
vt 0.749997 0.684432
vt 0.749998 0.707349
vt 0.794275 0.702285
vt 0.698240 0.687500
vt 0.705721 0.702285
vt 0.713202 0.717071
vt 0.731601 0.723178
vt 0.750000 0.729285
vt 0.768399 0.723178
vt 0.786798 0.717071
vt 0.375000 0.298619
vt 0.375000 0.374963
vt 0.421774 0.391097
vt 0.378791 0.298398
vt 0.375000 0.451307
vt 0.378791 0.451565
vt 0.382582 0.451823
vt 0.390715 0.452350
vt 0.398849 0.452878
vt 0.409064 0.453702
vt 0.419279 0.454526
vt 0.442545 0.456354
vt 0.465810 0.458183
vt 0.482905 0.459652
vt 0.459640 0.292175
vt 0.419279 0.295474
vt 0.400931 0.296826
vt 0.382582 0.298177
vt 0.806406 0.625000
vt 0.807253 0.618137
vt 0.750119 0.596809
vt 0.749995 0.624096
vt 0.808100 0.611274
vt 0.809621 0.599844
vt 0.811142 0.588414
vt 0.813504 0.575457
vt 0.815867 0.562500
vt 0.753122 0.563629
vt 0.683983 0.562500
vt 0.686421 0.575457
vt 0.688858 0.588414
vt 0.690379 0.599844
vt 0.691900 0.611275
vt 0.692747 0.618137
vt 0.693594 0.625000
vt 0.179979 0.562500
vt 0.180408 0.566065
vt 0.250178 0.585407
vt 0.253136 0.559674
vt 0.180837 0.569630
vt 0.182925 0.597315
vt 0.185013 0.625000
vt 0.249944 0.621178
vt 0.314825 0.625000
vt 0.316994 0.597315
vt 0.319163 0.569631
vt 0.319541 0.566065
vt 0.319920 0.562500
vt 0.264791 0.531314
vt 0.176799 0.531250
vt 0.321299 0.547427
vt 0.322678 0.532354
vt 0.324492 0.516177
vt 0.326307 0.500000
vt 0.249963 0.500000
vt 0.173619 0.500000
vt 0.816744 0.554280
vt 0.764332 0.532127
vt 0.817622 0.546060
vt 0.817947 0.543580
vt 0.818272 0.541099
vt 0.819330 0.534871
vt 0.820388 0.528643
vt 0.822346 0.517072
vt 0.824304 0.505501
vt 0.824832 0.502751
vt 0.825360 0.500000
vt 0.749969 0.500000
vt 0.674579 0.500000
vt 0.677095 0.514322
vt 0.679612 0.528643
vt 0.680995 0.537352
vt 0.682378 0.546060
vt 0.683181 0.554280
vt 0.806080 0.630657
vt 0.806180 0.629146
vt 0.749999 0.650393
vt 0.804937 0.656239
vt 0.806280 0.627635
vt 0.806343 0.626318
vt 0.693657 0.626318
vt 0.693719 0.627635
vt 0.693820 0.629146
vt 0.693920 0.630657
vt 0.695063 0.656239
vt 0.696205 0.681820
vt 0.697223 0.684660
vt 0.802773 0.684660
vt 0.803794 0.681820
vt 0.249976 0.651957
vt 0.188374 0.671610
vt 0.311607 0.671610
vt 0.312964 0.655720
vt 0.313296 0.647970
vt 0.313629 0.640221
vt 0.314227 0.632610
vt 0.185692 0.632610
vt 0.186371 0.640221
vt 0.186704 0.647970
vt 0.187036 0.655720
s 0
usemtl Material.001
f 155/1/1 240/2/1 663/3/1 239/4/1
f 117/5/2 241/6/2 663/3/2 240/2/2
f 118/7/3 242/8/3 663/3/3 241/6/3
f 89/9/4 243/10/4 663/3/4 242/8/4
f 156/11/5 244/12/5 663/3/5 243/10/5
f 154/13/6 239/4/6 663/3/6 244/12/6
f 117/5/7 245/14/7 664/15/7 241/6/7
f 245/14/8 33/16/8 246/17/8 664/15/8
f 664/15/9 246/17/9 43/18/9 247/19/9
f 241/6/10 664/15/10 247/19/10 118/7/10
f 118/7/11 247/19/11 665/20/11 248/21/11
f 247/19/12 43/18/12 249/22/12 665/20/12
f 665/20/13 249/22/13 4/23/13 250/24/13
f 248/21/14 665/20/14 250/24/14 75/25/14
f 89/9/15 242/8/15 666/26/15 251/27/15
f 242/8/16 118/7/16 248/21/16 666/26/16
f 666/26/17 248/21/17 75/25/17 252/28/17
f 251/27/18 666/26/18 252/28/18 20/29/18
f 20/29/19 252/28/19 667/30/19 253/31/19
f 252/28/20 75/25/20 254/32/20 667/30/20
f 667/30/21 254/32/21 119/33/21 255/34/21
f 253/31/22 667/30/22 255/34/22 88/35/22
f 75/25/23 250/24/23 668/36/23 254/32/23
f 250/24/24 4/23/24 256/37/24 668/36/24
f 668/36/25 256/37/25 46/38/25 257/39/25
f 254/32/26 668/36/26 257/39/26 119/33/26
f 119/33/27 257/39/27 669/40/27 258/41/27
f 257/39/28 46/38/28 259/42/28 669/40/28
f 669/40/29 259/42/29 8/43/29 260/44/29
f 258/41/30 669/40/30 260/44/30 76/45/30
f 88/35/31 255/34/31 670/46/31 261/47/31
f 255/34/32 119/33/32 258/41/32 670/46/32
f 670/46/33 258/41/33 76/45/33 262/48/33
f 261/47/34 670/46/34 262/48/34 21/49/34
f 23/50/35 264/51/35 671/52/35 263/53/35
f 264/51/36 78/54/36 265/55/36 671/52/36
f 671/52/37 265/55/37 120/56/37 266/57/37
f 263/53/38 671/52/38 266/57/38 87/58/38
f 78/54/39 267/59/39 672/60/39 265/55/39
f 267/59/40 12/61/40 268/62/40 672/60/40
f 672/60/41 268/62/41 49/63/41 269/64/41
f 265/55/42 672/60/42 269/64/42 120/56/42
f 120/56/43 269/64/43 673/65/43 270/66/43
f 269/64/44 49/63/44 271/67/44 673/65/44
f 673/65/45 271/67/45 6/68/45 272/69/45
f 270/66/46 673/65/46 272/69/46 77/70/46
f 87/58/47 266/57/47 674/71/47 273/72/47
f 266/57/48 120/56/48 270/66/48 674/71/48
f 674/71/49 270/66/49 77/70/49 274/73/49
f 273/72/50 674/71/50 274/73/50 22/74/50
f 22/74/51 274/73/51 675/75/51 275/76/51
f 274/73/52 77/70/52 276/77/52 675/75/52
f 675/75/53 276/77/53 121/78/53 277/79/53
f 275/76/54 675/75/54 277/79/54 86/80/54
f 77/70/55 272/69/55 676/81/55 276/77/55
f 272/69/56 6/68/56 278/82/56 676/81/56
f 676/81/57 278/82/57 52/83/57 279/84/57
f 276/77/58 676/81/58 279/84/58 121/78/58
f 121/78/59 279/84/59 677/85/59 280/86/59
f 279/84/60 52/83/60 281/87/60 677/85/60
f 677/85/61 281/87/61 2/88/61 282/89/61
f 280/86/62 677/85/62 282/89/62 42/90/62
f 86/80/63 277/79/63 678/91/63 283/92/63
f 277/79/64 121/78/64 280/86/64 678/91/64
f 678/91/65 280/86/65 42/90/65 284/93/65
f 283/92/66 678/91/66 284/93/66 19/94/66
f 9/95/67 286/96/67 679/97/67 285/98/67
f 286/96/68 58/99/68 287/100/68 679/97/68
f 679/97/69 287/100/69 122/101/69 288/102/69
f 285/98/70 679/97/70 288/102/70 41/103/70
f 58/99/71 289/104/71 680/105/71 287/100/71
f 289/104/72 11/106/72 290/107/72 680/105/72
f 680/105/73 290/107/73 55/108/73 291/109/73
f 287/100/74 680/105/74 291/109/74 122/101/74
f 122/101/75 291/109/75 681/110/75 292/111/75
f 291/109/76 55/108/76 293/112/76 681/110/76
f 681/110/77 293/112/77 5/113/77 294/114/77
f 292/111/78 681/110/78 294/114/78 51/115/78
f 41/103/79 288/102/79 682/116/79 295/117/79
f 288/102/80 122/101/80 292/111/80 682/116/80
f 682/116/81 292/111/81 51/115/81 296/118/81
f 295/117/82 682/116/82 296/118/82 1/119/82
f 12/61/83 297/120/83 683/121/83 268/62/83
f 297/120/84 57/122/84 298/123/84 683/121/84
f 683/121/85 298/123/85 123/124/85 299/125/85
f 268/62/86 683/121/86 299/125/86 49/63/86
f 57/122/87 300/126/87 684/127/87 298/123/87
f 300/126/88 10/128/88 301/129/88 684/127/88
f 684/127/89 301/129/89 54/130/89 302/131/89
f 298/123/90 684/127/90 302/131/90 123/124/90
f 123/124/91 302/131/91 685/132/91 303/133/91
f 302/131/92 54/130/92 304/134/92 685/132/92
f 685/132/93 304/134/93 2/135/93 281/136/93
f 303/133/94 685/132/94 281/136/94 52/137/94
f 49/63/95 299/125/95 686/138/95 271/67/95
f 299/125/96 123/124/96 303/133/96 686/138/96
f 686/138/97 303/133/97 52/137/97 278/139/97
f 271/67/98 686/138/98 278/139/98 6/68/98
f 16/140/99 306/141/99 687/142/99 305/143/99
f 306/141/100 67/144/100 307/145/100 687/142/100
f 687/142/101 307/145/101 124/146/101 308/147/101
f 305/143/102 687/142/102 308/147/102 56/148/102
f 67/144/103 309/149/103 688/150/103 307/145/103
f 309/149/104 13/151/104 310/152/104 688/150/104
f 688/150/105 310/152/105 61/153/105 311/154/105
f 307/145/106 688/150/106 311/154/106 124/146/106
f 124/146/107 311/154/107 689/155/107 312/156/107
f 311/154/108 61/153/108 313/157/108 689/155/108
f 689/155/109 313/157/109 10/128/109 300/126/109
f 312/156/110 689/155/110 300/126/110 57/122/110
f 56/148/111 308/147/111 690/158/111 314/159/111
f 308/147/112 124/146/112 312/156/112 690/158/112
f 690/158/113 312/156/113 57/122/113 297/120/113
f 314/159/114 690/158/114 297/120/114 12/61/114
f 15/160/115 316/161/115 691/162/115 315/163/115
f 316/161/116 66/164/116 317/165/116 691/162/116
f 691/162/117 317/165/117 125/166/117 318/167/117
f 315/163/118 691/162/118 318/167/118 53/168/118
f 66/164/119 319/169/119 692/170/119 317/165/119
f 319/169/120 14/171/120 320/172/120 692/170/120
f 692/170/121 320/172/121 62/173/121 321/174/121
f 317/165/122 692/170/122 321/174/122 125/166/122
f 125/166/123 321/174/123 693/175/123 322/176/123
f 321/174/124 62/173/124 323/177/124 693/175/124
f 693/175/125 323/177/125 11/106/125 289/104/125
f 322/176/126 693/175/126 289/104/126 58/99/126
f 53/168/127 318/167/127 694/178/127 324/179/127
f 318/167/128 125/166/128 322/176/128 694/178/128
f 694/178/129 322/176/129 58/99/129 286/96/129
f 324/179/130 694/178/130 286/96/130 9/95/130
f 25/180/131 326/181/131 695/182/131 325/183/131
f 326/181/132 80/184/132 327/185/132 695/182/132
f 695/182/133 327/185/133 126/186/133 328/187/133
f 325/183/134 695/182/134 328/187/134 85/188/134
f 80/184/135 329/189/135 696/190/135 327/185/135
f 329/189/136 16/140/136 305/143/136 696/190/136
f 696/190/137 305/143/137 56/148/137 330/191/137
f 327/185/138 696/190/138 330/191/138 126/186/138
f 126/186/139 330/191/139 697/192/139 331/193/139
f 330/191/140 56/148/140 314/159/140 697/192/140
f 697/192/141 314/159/141 12/61/141 267/59/141
f 331/193/142 697/192/142 267/59/142 78/54/142
f 85/188/143 328/187/143 698/194/143 332/195/143
f 328/187/144 126/186/144 331/193/144 698/194/144
f 698/194/145 331/193/145 78/54/145 264/51/145
f 332/195/146 698/194/146 264/51/146 23/50/146
f 19/196/147 284/197/147 699/198/147 333/199/147
f 284/197/148 42/200/148 334/201/148 699/198/148
f 699/198/149 334/201/149 127/202/149 335/203/149
f 333/199/150 699/198/150 335/203/150 84/204/150
f 42/200/151 282/205/151 700/206/151 334/201/151
f 282/205/152 2/207/152 304/208/152 700/206/152
f 700/206/153 304/208/153 54/209/153 336/210/153
f 334/201/154 700/206/154 336/210/154 127/202/154
f 127/202/155 336/210/155 701/211/155 337/212/155
f 336/210/156 54/209/156 301/213/156 701/211/156
f 701/211/157 301/213/157 10/214/157 338/215/157
f 337/212/158 701/211/158 338/215/158 79/216/158
f 84/204/159 335/203/159 702/217/159 339/218/159
f 335/203/160 127/202/160 337/212/160 702/217/160
f 702/217/161 337/212/161 79/216/161 340/219/161
f 339/218/162 702/217/162 340/219/162 24/220/162
f 158/221/163 342/222/163 703/223/163 341/224/163
f 159/225/164 343/226/164 703/223/164 342/222/164
f 116/227/165 344/228/165 703/223/165 343/226/165
f 128/229/166 345/230/166 703/223/166 344/228/166
f 83/231/167 346/232/167 703/223/167 345/230/167
f 160/233/168 347/234/168 703/223/168 346/232/168
f 157/235/169 341/224/169 703/223/169 347/234/169
f 116/227/170 348/236/170 704/237/170 344/228/170
f 348/236/171 36/238/171 349/239/171 704/237/171
f 704/237/172 349/239/172 64/240/172 350/241/172
f 344/228/173 704/237/173 350/241/173 128/229/173
f 128/229/174 350/241/174 705/242/174 351/243/174
f 350/241/175 64/240/175 352/244/175 705/242/175
f 705/242/176 352/244/176 16/140/176 329/189/176
f 351/243/177 705/242/177 329/189/177 80/184/177
f 83/231/178 345/230/178 706/245/178 353/246/178
f 345/230/179 128/229/179 351/243/179 706/245/179
f 706/245/180 351/243/180 80/184/180 326/181/180
f 353/246/181 706/245/181 326/181/181 25/180/181
f 35/247/182 355/248/182 707/249/182 354/250/182
f 355/248/183 115/251/183 356/252/183 707/249/183
f 707/249/184 356/252/184 129/253/184 357/254/184
f 354/250/185 707/249/185 357/254/185 63/255/185
f 115/251/186 358/256/186 708/257/186 356/252/186
f 358/256/187 34/258/187 359/259/187 708/257/187
f 708/257/188 359/259/188 100/260/188 360/261/188
f 356/252/189 708/257/189 360/261/189 129/253/189
f 129/253/190 360/261/190 709/262/190 361/263/190
f 360/261/191 100/260/191 362/264/191 709/262/191
f 709/262/192 362/264/192 14/171/192 319/169/192
f 361/263/193 709/262/193 319/169/193 66/164/193
f 63/255/194 357/254/194 710/265/194 363/266/194
f 357/254/195 129/253/195 361/263/195 710/265/195
f 710/265/196 361/263/196 66/164/196 316/161/196
f 363/266/197 710/265/197 316/161/197 15/160/197
f 36/238/198 364/267/198 711/268/198 349/239/198
f 364/267/199 114/269/199 365/270/199 711/268/199
f 711/268/200 365/270/200 130/271/200 366/272/200
f 349/239/201 711/268/201 366/272/201 64/240/201
f 114/269/202 367/273/202 712/274/202 365/270/202
f 367/273/203 33/275/203 368/276/203 712/274/203
f 712/274/204 368/276/204 99/277/204 369/278/204
f 365/270/205 712/274/205 369/278/205 130/271/205
f 130/271/206 369/278/206 713/279/206 370/280/206
f 369/278/207 99/277/207 371/281/207 713/279/207
f 713/279/208 371/281/208 13/151/208 309/149/208
f 370/280/209 713/279/209 309/149/209 67/144/209
f 64/240/210 366/272/210 714/282/210 352/244/210
f 366/272/211 130/271/211 370/280/211 714/282/211
f 714/282/212 370/280/212 67/144/212 306/141/212
f 352/244/213 714/282/213 306/141/213 16/140/213
f 24/220/214 340/219/214 715/283/214 372/284/214
f 340/219/215 79/216/215 373/285/215 715/283/215
f 715/283/216 373/285/216 131/286/216 374/287/216
f 372/284/217 715/283/217 374/287/217 82/288/217
f 79/216/218 338/215/218 716/289/218 373/285/218
f 338/215/219 10/214/219 313/290/219 716/289/219
f 716/289/220 313/290/220 61/291/220 375/292/220
f 373/285/221 716/289/221 375/292/221 131/286/221
f 131/286/222 375/292/222 717/293/222 376/294/222
f 375/292/223 61/291/223 310/295/223 717/293/223
f 717/293/224 310/295/224 13/296/224 377/297/224
f 376/294/225 717/293/225 377/297/225 81/298/225
f 82/288/226 374/287/226 718/299/226 378/300/226
f 374/287/227 131/286/227 376/294/227 718/299/227
f 718/299/228 376/294/228 81/298/228 379/301/228
f 378/300/229 718/299/229 379/301/229 26/302/229
f 175/303/230 381/304/230 719/305/230 380/306/230
f 98/307/231 382/308/231 719/305/231 381/304/231
f 174/309/232 380/306/232 719/305/232 382/308/232
f 31/310/233 384/311/233 720/312/233 383/313/233
f 98/307/234 381/304/234 720/312/234 384/311/234
f 175/303/235 385/314/235 720/312/235 381/304/235
f 176/315/236 386/316/236 720/312/236 385/314/236
f 177/317/237 383/313/237 720/312/237 386/316/237
f 97/318/238 388/319/238 721/320/238 387/321/238
f 40/322/239 389/323/239 721/320/239 388/319/239
f 113/324/240 390/325/240 721/320/240 389/323/240
f 178/326/241 391/327/241 721/320/241 390/325/241
f 179/328/242 392/329/242 721/320/242 391/327/242
f 180/330/243 387/321/243 721/320/243 392/329/243
f 182/331/244 394/332/244 722/333/244 393/334/244
f 178/326/245 390/325/245 722/333/245 394/332/245
f 113/324/246 395/335/246 722/333/246 390/325/246
f 37/336/247 396/337/247 722/333/247 395/335/247
f 181/338/248 397/339/248 722/333/248 396/337/248
f 183/340/249 393/334/249 722/333/249 397/339/249
f 187/341/250 399/342/250 723/343/250 398/344/250
f 30/345/251 400/346/251 723/343/251 399/342/251
f 97/318/252 387/321/252 723/343/252 400/346/252
f 180/330/253 401/347/253 723/343/253 387/321/253
f 184/348/254 402/349/254 723/343/254 401/347/254
f 185/350/255 403/351/255 723/343/255 402/349/255
f 186/352/256 398/344/256 723/343/256 403/351/256
f 189/353/257 405/354/257 724/355/257 404/356/257
f 32/357/258 406/358/258 724/355/258 405/354/258
f 188/359/259 404/356/259 724/355/259 406/358/259
f 191/360/260 408/361/260 725/362/260 407/363/260
f 96/364/261 409/365/261 725/362/261 408/361/261
f 30/345/262 399/342/262 725/362/262 409/365/262
f 187/341/263 410/366/263 725/362/263 399/342/263
f 190/367/264 407/363/264 725/362/264 410/366/264
f 192/368/265 412/369/265 726/370/265 411/371/265
f 96/364/266 408/361/266 726/370/266 412/369/266
f 191/360/267 411/371/267 726/370/267 408/361/267
f 194/372/268 414/373/268 727/374/268 413/375/268
f 414/373/269 95/376/269 415/377/269 727/374/269
f 727/374/270 415/377/270 29/378/270 416/379/270
f 413/375/271 727/374/271 416/379/271 193/380/271
f 188/381/272 406/382/272 728/383/272 417/384/272
f 406/382/273 32/385/273 418/386/273 728/383/273
f 728/383/274 418/386/274 95/376/274 414/373/274
f 417/384/275 728/383/275 414/373/275 194/372/275
f 193/380/276 416/379/276 729/387/276 419/388/276
f 29/378/277 420/389/277 729/387/277 416/379/277
f 195/390/278 419/388/278 729/387/278 420/389/278
f 27/391/279 422/392/279 730/393/279 421/394/279
f 422/392/280 90/395/280 423/396/280 730/393/280
f 730/393/281 423/396/281 132/397/281 424/398/281
f 421/394/282 730/393/282 424/398/282 94/399/282
f 90/395/283 425/400/283 731/401/283 423/396/283
f 425/400/284 17/402/284 426/403/284 731/401/284
f 731/401/285 426/403/285 73/404/285 427/405/285
f 423/396/286 731/401/286 427/405/286 132/397/286
f 132/397/287 427/405/287 732/406/287 428/407/287
f 427/405/288 73/404/288 429/408/288 732/406/288
f 732/406/289 429/408/289 18/409/289 430/410/289
f 428/407/290 732/406/290 430/410/290 91/411/290
f 94/399/291 424/398/291 733/412/291 431/413/291
f 424/398/292 132/397/292 428/407/292 733/412/292
f 733/412/293 428/407/293 91/411/293 432/414/293
f 431/413/294 733/412/294 432/414/294 28/415/294
f 39/416/295 434/417/295 734/418/295 433/419/295
f 434/417/296 112/420/296 435/421/296 734/418/296
f 734/418/297 435/421/297 133/422/297 436/423/297
f 433/419/298 734/418/298 436/423/298 93/424/298
f 112/420/299 437/425/299 735/426/299 435/421/299
f 437/425/300 38/427/300 438/428/300 735/426/300
f 735/426/301 438/428/301 74/429/301 439/430/301
f 435/421/302 735/426/302 439/430/302 133/422/302
f 133/422/303 439/430/303 736/431/303 440/432/303
f 439/430/304 74/429/304 441/433/304 736/431/304
f 736/431/305 441/433/305 17/402/305 425/400/305
f 440/432/306 736/431/306 425/400/306 90/395/306
f 93/424/307 436/423/307 737/434/307 442/435/307
f 436/423/308 133/422/308 440/432/308 737/434/308
f 737/434/309 440/432/309 90/395/309 422/392/309
f 442/435/310 737/434/310 422/392/310 27/391/310
f 72/436/311 444/437/311 738/438/311 443/439/311
f 444/437/312 196/440/312 445/441/312 738/438/312
f 738/438/313 445/441/313 197/442/313 446/443/313
f 443/439/314 738/438/314 446/443/314 198/444/314
f 72/436/315 447/445/315 739/446/315 444/437/315
f 24/220/316 372/284/316 739/446/316 447/445/316
f 82/288/317 448/447/317 739/446/317 372/284/317
f 199/448/318 449/449/318 739/446/318 448/447/318
f 196/440/319 444/437/319 739/446/319 449/449/319
f 199/448/320 448/447/320 740/450/320 450/451/320
f 82/288/321 378/300/321 740/450/321 448/447/321
f 26/302/322 451/452/322 740/450/322 378/300/322
f 200/453/323 452/454/323 740/450/323 451/452/323
f 201/455/324 450/451/324 740/450/324 452/454/324
f 181/338/325 396/337/325 741/456/325 453/457/325
f 37/336/326 454/458/326 741/456/326 396/337/326
f 111/459/327 455/460/327 741/456/327 454/458/327
f 134/461/328 456/462/328 741/456/328 455/460/328
f 202/463/329 453/457/329 741/456/329 456/462/329
f 161/464/330 458/465/330 742/466/330 457/467/330
f 160/233/331 346/232/331 742/466/331 458/465/331
f 83/231/332 459/468/332 742/466/332 346/232/332
f 134/461/333 455/460/333 742/466/333 459/468/333
f 111/459/334 457/467/334 742/466/334 455/460/334
f 25/180/335 460/469/335 743/470/335 353/246/335
f 204/471/336 461/472/336 743/470/336 460/469/336
f 203/473/337 462/474/337 743/470/337 461/472/337
f 134/461/338 459/468/338 743/470/338 462/474/338
f 83/231/339 353/246/339 743/470/339 459/468/339
f 202/463/340 456/462/340 744/475/340 463/476/340
f 456/462/341 134/461/341 462/474/341 744/475/341
f 744/475/342 462/474/342 203/473/342 464/477/342
f 463/476/343 744/475/343 464/477/343 205/478/343
f 19/196/344 333/199/344 745/479/344 465/480/344
f 84/204/345 466/481/345 745/479/345 333/199/345
f 208/482/346 467/483/346 745/479/346 466/481/346
f 207/484/347 468/485/347 745/479/347 467/483/347
f 206/486/348 465/480/348 745/479/348 468/485/348
f 84/204/349 339/218/349 746/487/349 466/481/349
f 24/220/350 447/445/350 746/487/350 339/218/350
f 72/436/351 469/488/351 746/487/351 447/445/351
f 209/489/352 470/490/352 746/487/352 469/488/352
f 208/482/353 466/481/353 746/487/353 470/490/353
f 209/489/354 469/488/354 747/491/354 471/492/354
f 72/436/355 443/439/355 747/491/355 469/488/355
f 198/444/356 471/492/356 747/491/356 443/439/356
f 204/471/357 460/469/357 748/493/357 472/494/357
f 25/180/358 325/183/358 748/493/358 460/469/358
f 85/188/359 473/495/359 748/493/359 325/183/359
f 211/496/360 474/497/360 748/493/360 473/495/360
f 210/498/361 472/494/361 748/493/361 474/497/361
f 211/496/362 473/495/362 749/499/362 475/500/362
f 85/188/363 332/195/363 749/499/363 473/495/363
f 23/50/364 476/501/364 749/499/364 332/195/364
f 71/502/365 477/503/365 749/499/365 476/501/365
f 212/504/366 475/500/366 749/499/366 477/503/366
f 71/502/367 478/505/367 750/506/367 477/503/367
f 478/505/368 214/507/368 479/508/368 750/506/368
f 750/506/369 479/508/369 213/509/369 480/510/369
f 477/503/370 750/506/370 480/510/370 212/504/370
f 215/511/371 482/512/371 751/513/371 481/514/371
f 482/512/372 22/74/372 275/76/372 751/513/372
f 751/513/373 275/76/373 86/80/373 483/515/373
f 481/514/374 751/513/374 483/515/374 216/516/374
f 216/516/375 483/515/375 752/517/375 484/518/375
f 483/515/376 86/80/376 283/92/376 752/517/376
f 752/517/377 283/92/377 19/94/377 465/519/377
f 484/518/378 752/517/378 465/519/378 206/520/378
f 214/507/379 478/505/379 753/521/379 485/522/379
f 71/502/380 486/523/380 753/521/380 478/505/380
f 217/524/381 485/522/381 753/521/381 486/523/381
f 217/524/382 486/523/382 754/525/382 487/526/382
f 71/502/383 476/501/383 754/525/383 486/523/383
f 23/50/384 263/53/384 754/525/384 476/501/384
f 87/58/385 488/527/385 754/525/385 263/53/385
f 218/528/386 487/526/386 754/525/386 488/527/386
f 87/58/387 273/72/387 755/529/387 488/527/387
f 22/74/388 482/512/388 755/529/388 273/72/388
f 215/511/389 489/530/389 755/529/389 482/512/389
f 219/531/390 490/532/390 755/529/390 489/530/390
f 218/528/391 488/527/391 755/529/391 490/532/391
f 17/402/392 491/533/392 756/534/392 426/403/392
f 491/533/393 69/535/393 492/536/393 756/534/393
f 756/534/394 492/536/394 135/537/394 493/538/394
f 426/403/395 756/534/395 493/538/395 73/404/395
f 69/535/396 494/539/396 757/540/396 492/536/396
f 494/539/397 20/29/397 253/31/397 757/540/397
f 757/540/398 253/31/398 88/35/398 495/541/398
f 492/536/399 757/540/399 495/541/399 135/537/399
f 135/537/400 495/541/400 758/542/400 496/543/400
f 495/541/401 88/35/401 261/47/401 758/542/401
f 758/542/402 261/47/402 21/49/402 497/544/402
f 496/543/403 758/542/403 497/544/403 70/545/403
f 73/404/404 493/538/404 759/546/404 429/408/404
f 493/538/405 135/537/405 496/543/405 759/546/405
f 759/546/406 496/543/406 70/545/406 498/547/406
f 429/408/407 759/546/407 498/547/407 18/409/407
f 38/427/408 499/548/408 760/549/408 438/428/408
f 499/548/409 110/550/409 500/551/409 760/549/409
f 760/549/410 500/551/410 136/552/410 501/553/410
f 438/428/411 760/549/411 501/553/411 74/429/411
f 163/554/412 503/555/412 761/556/412 502/557/412
f 156/11/413 243/10/413 761/556/413 503/555/413
f 89/9/414 504/558/414 761/556/414 243/10/414
f 136/552/415 500/551/415 761/556/415 504/558/415
f 110/550/416 505/559/416 761/556/416 500/551/416
f 162/560/417 502/557/417 761/556/417 505/559/417
f 136/552/418 504/558/418 762/561/418 506/562/418
f 504/558/419 89/9/419 251/27/419 762/561/419
f 762/561/420 251/27/420 20/29/420 494/539/420
f 506/562/421 762/561/421 494/539/421 69/535/421
f 74/429/422 501/553/422 763/563/422 441/433/422
f 501/553/423 136/552/423 506/562/423 763/563/423
f 763/563/424 506/562/424 69/535/424 491/533/424
f 441/433/425 763/563/425 491/533/425 17/402/425
f 35/564/426 508/565/426 764/566/426 507/567/426
f 508/565/427 109/568/427 509/569/427 764/566/427
f 764/566/428 509/569/428 137/570/428 510/571/428
f 507/567/429 764/566/429 510/571/429 101/572/429
f 109/568/430 511/573/430 765/574/430 509/569/430
f 511/573/431 39/416/431 433/419/431 765/574/431
f 765/574/432 433/419/432 93/424/432 512/575/432
f 509/569/433 765/574/433 512/575/433 137/570/433
f 137/570/434 512/575/434 766/576/434 513/577/434
f 512/575/435 93/424/435 442/435/435 766/576/435
f 766/576/436 442/435/436 27/391/436 514/578/436
f 513/577/437 766/576/437 514/578/437 44/579/437
f 101/572/438 510/571/438 767/580/438 515/581/438
f 510/571/439 137/570/439 513/577/439 767/580/439
f 767/580/440 513/577/440 44/579/440 516/582/440
f 515/581/441 767/580/441 516/582/441 3/583/441
f 3/583/442 516/582/442 768/584/442 517/585/442
f 516/582/443 44/579/443 518/586/443 768/584/443
f 768/584/444 518/586/444 138/587/444 519/588/444
f 517/585/445 768/584/445 519/588/445 45/589/445
f 44/579/446 514/578/446 769/590/446 518/586/446
f 514/578/447 27/391/447 421/394/447 769/590/447
f 769/590/448 421/394/448 94/399/448 520/591/448
f 518/586/449 769/590/449 520/591/449 138/587/449
f 138/587/450 520/591/450 770/592/450 521/593/450
f 520/591/451 94/399/451 431/413/451 770/592/451
f 770/592/452 431/413/452 28/415/452 522/594/452
f 521/593/453 770/592/453 522/594/453 47/595/453
f 45/589/454 519/588/454 771/596/454 523/597/454
f 519/588/455 138/587/455 521/593/455 771/596/455
f 771/596/456 521/593/456 47/595/456 524/598/456
f 523/597/457 771/596/457 524/598/457 7/599/457
f 11/106/458 525/600/458 772/601/458 290/107/458
f 525/600/459 59/602/459 526/603/459 772/601/459
f 772/601/460 526/603/460 139/604/460 527/605/460
f 290/107/461 772/601/461 527/605/461 55/108/461
f 221/606/462 529/607/462 773/608/462 528/609/462
f 529/607/463 139/604/463 526/603/463 773/608/463
f 773/608/464 526/603/464 59/602/464 530/610/464
f 528/609/465 773/608/465 530/610/465 220/611/465
f 195/390/466 420/389/466 774/612/466 531/613/466
f 29/378/467 532/614/467 774/612/467 420/389/467
f 50/615/468 533/616/468 774/612/468 532/614/468
f 139/604/469 529/607/469 774/612/469 533/616/469
f 221/606/470 531/613/470 774/612/470 529/607/470
f 55/108/471 527/605/471 775/617/471 293/112/471
f 527/605/472 139/604/472 533/616/472 775/617/472
f 775/617/473 533/616/473 50/615/473 534/618/473
f 293/112/474 775/617/474 534/618/474 5/113/474
f 5/113/475 534/618/475 776/619/475 294/620/475
f 534/618/476 50/615/476 535/621/476 776/619/476
f 776/619/477 535/621/477 140/622/477 536/623/477
f 294/620/478 776/619/478 536/623/478 51/624/478
f 50/615/479 532/614/479 777/625/479 535/621/479
f 532/614/480 29/378/480 415/377/480 777/625/480
f 777/625/481 415/377/481 95/376/481 537/626/481
f 535/621/482 777/625/482 537/626/482 140/622/482
f 140/622/483 537/626/483 778/627/483 538/628/483
f 537/626/484 95/376/484 418/386/484 778/627/484
f 778/627/485 418/386/485 32/385/485 539/629/485
f 538/628/486 778/627/486 539/629/486 92/630/486
f 51/624/487 536/623/487 779/631/487 296/632/487
f 536/623/488 140/622/488 538/628/488 779/631/488
f 779/631/489 538/628/489 92/630/489 540/633/489
f 296/632/490 779/631/490 540/633/490 1/634/490
f 14/171/491 541/635/491 780/636/491 320/172/491
f 541/635/492 65/637/492 542/638/492 780/636/492
f 780/636/493 542/638/493 141/639/493 543/640/493
f 320/172/494 780/636/494 543/640/494 62/173/494
f 65/637/495 544/641/495 781/642/495 542/638/495
f 544/641/496 30/345/496 409/365/496 781/642/496
f 781/642/497 409/365/497 96/364/497 545/643/497
f 542/638/498 781/642/498 545/643/498 141/639/498
f 220/611/499 530/610/499 782/644/499 546/645/499
f 59/602/500 547/646/500 782/644/500 530/610/500
f 141/639/501 545/643/501 782/644/501 547/646/501
f 96/364/502 412/369/502 782/644/502 545/643/502
f 192/368/503 548/647/503 782/644/503 412/369/503
f 222/648/504 546/645/504 782/644/504 548/647/504
f 62/173/505 543/640/505 783/649/505 323/177/505
f 543/640/506 141/639/506 547/646/506 783/649/506
f 783/649/507 547/646/507 59/602/507 525/600/507
f 323/177/508 783/649/508 525/600/508 11/106/508
f 1/650/509 540/651/509 784/652/509 295/653/509
f 540/651/510 92/654/510 549/655/510 784/652/510
f 784/652/511 549/655/511 142/656/511 550/657/511
f 295/653/512 784/652/512 550/657/512 41/658/512
f 142/656/513 549/655/513 785/659/513 551/660/513
f 92/654/514 539/661/514 785/659/514 549/655/514
f 32/357/515 405/354/515 785/659/515 539/661/515
f 189/353/516 552/662/516 785/659/516 405/354/516
f 223/663/517 551/660/517 785/659/517 552/662/517
f 60/664/518 554/665/518 786/666/518 553/667/518
f 554/665/519 142/656/519 551/660/519 786/666/519
f 786/666/520 551/660/520 223/663/520 555/668/520
f 553/667/521 786/666/521 555/668/521 224/669/521
f 41/658/522 550/657/522 787/670/522 285/671/522
f 550/657/523 142/656/523 554/665/523 787/670/523
f 787/670/524 554/665/524 60/664/524 556/672/524
f 285/671/525 787/670/525 556/672/525 9/673/525
f 34/258/526 557/674/526 788/675/526 359/259/526
f 557/674/527 108/676/527 558/677/527 788/675/527
f 788/675/528 558/677/528 143/678/528 559/679/528
f 359/259/529 788/675/529 559/679/529 100/260/529
f 108/676/530 560/680/530 789/681/530 558/677/530
f 560/680/531 40/322/531 388/319/531 789/681/531
f 789/681/532 388/319/532 97/318/532 561/682/532
f 558/677/533 789/681/533 561/682/533 143/678/533
f 143/678/534 561/682/534 790/683/534 562/684/534
f 561/682/535 97/318/535 400/346/535 790/683/535
f 790/683/536 400/346/536 30/345/536 544/641/536
f 562/684/537 790/683/537 544/641/537 65/637/537
f 100/260/538 559/679/538 791/685/538 362/264/538
f 559/679/539 143/678/539 562/684/539 791/685/539
f 791/685/540 562/684/540 65/637/540 541/635/540
f 362/264/541 791/685/541 541/635/541 14/171/541
f 9/673/542 556/672/542 792/686/542 324/687/542
f 556/672/543 60/664/543 563/688/543 792/686/543
f 792/686/544 563/688/544 144/689/544 564/690/544
f 324/687/545 792/686/545 564/690/545 53/691/545
f 98/307/546 565/692/546 793/693/546 382/308/546
f 144/689/547 563/688/547 793/693/547 565/692/547
f 60/664/548 553/667/548 793/693/548 563/688/548
f 224/669/549 566/694/549 793/693/549 553/667/549
f 225/695/550 567/696/550 793/693/550 566/694/550
f 174/309/551 382/308/551 793/693/551 567/696/551
f 144/689/552 565/692/552 794/697/552 568/698/552
f 565/692/553 98/307/553 384/311/553 794/697/553
f 794/697/554 384/311/554 31/310/554 569/699/554
f 568/698/555 794/697/555 569/699/555 68/700/555
f 53/691/556 564/690/556 795/701/556 315/702/556
f 564/690/557 144/689/557 568/698/557 795/701/557
f 795/701/558 568/698/558 68/700/558 570/703/558
f 315/702/559 795/701/559 570/703/559 15/704/559
f 7/599/560 524/598/560 796/705/560 571/706/560
f 524/598/561 47/595/561 572/707/561 796/705/561
f 796/705/562 572/707/562 145/708/562 573/709/562
f 571/706/563 796/705/563 573/709/563 48/710/563
f 47/595/564 522/594/564 797/711/564 572/707/564
f 522/594/565 28/415/565 574/712/565 797/711/565
f 797/711/566 574/712/566 107/713/566 575/714/566
f 572/707/567 797/711/567 575/714/567 145/708/567
f 145/708/568 575/714/568 798/715/568 576/716/568
f 575/714/569 107/713/569 577/717/569 798/715/569
f 798/715/570 577/717/570 40/322/570 560/680/570
f 576/716/571 798/715/571 560/680/571 108/676/571
f 48/710/572 573/709/572 799/718/572 578/719/572
f 573/709/573 145/708/573 576/716/573 799/718/573
f 799/718/574 576/716/574 108/676/574 557/674/574
f 578/719/575 799/718/575 557/674/575 34/258/575
f 15/704/576 570/703/576 800/720/576 363/721/576
f 570/703/577 68/700/577 579/722/577 800/720/577
f 800/720/578 579/722/578 146/723/578 580/724/578
f 363/721/579 800/720/579 580/724/579 63/725/579
f 68/700/580 569/699/580 801/726/580 579/722/580
f 569/699/581 31/310/581 581/727/581 801/726/581
f 801/726/582 581/727/582 106/728/582 582/729/582
f 579/722/583 801/726/583 582/729/583 146/723/583
f 146/723/584 582/729/584 802/730/584 583/731/584
f 582/729/585 106/728/585 584/732/585 802/730/585
f 802/730/586 584/732/586 39/416/586 511/573/586
f 583/731/587 802/730/587 511/573/587 109/568/587
f 63/725/588 580/724/588 803/733/588 354/734/588
f 580/724/589 146/723/589 583/731/589 803/733/589
f 803/733/590 583/731/590 109/568/590 508/565/590
f 354/734/591 803/733/591 508/565/591 35/564/591
f 226/735/592 586/736/592 804/737/592 585/738/592
f 147/739/593 587/740/593 804/737/593 586/736/593
f 228/741/594 588/742/594 804/737/594 587/740/594
f 229/743/595 589/744/595 804/737/595 588/742/595
f 227/745/596 585/738/596 804/737/596 589/744/596
f 230/746/597 591/747/597 805/748/597 590/749/597
f 200/453/598 451/452/598 805/748/598 591/747/598
f 26/302/599 592/750/599 805/748/599 451/452/599
f 105/751/600 593/752/600 805/748/600 592/750/600
f 147/739/601 586/736/601 805/748/601 593/752/601
f 226/735/602 590/749/602 805/748/602 586/736/602
f 162/560/603 505/559/603 806/753/603 594/754/603
f 110/550/604 595/755/604 806/753/604 505/559/604
f 147/739/605 593/752/605 806/753/605 595/755/605
f 105/751/606 596/756/606 806/753/606 593/752/606
f 164/757/607 597/758/607 806/753/607 596/756/607
f 165/759/608 594/754/608 806/753/608 597/758/608
f 231/760/609 599/761/609 807/762/609 598/763/609
f 228/741/610 587/740/610 807/762/610 599/761/610
f 147/739/611 595/755/611 807/762/611 587/740/611
f 110/550/612 499/548/612 807/762/612 595/755/612
f 38/427/613 600/764/613 807/762/613 499/548/613
f 232/765/614 598/763/614 807/762/614 600/764/614
f 18/409/615 498/547/615 808/766/615 601/767/615
f 498/547/616 70/545/616 602/768/616 808/766/616
f 808/766/617 602/768/617 148/769/617 603/770/617
f 601/767/618 808/766/618 603/770/618 103/771/618
f 70/545/619 497/544/619 809/772/619 602/768/619
f 497/544/620 21/49/620 604/773/620 809/772/620
f 809/772/621 604/773/621 104/774/621 605/775/621
f 602/768/622 809/772/622 605/775/622 148/769/622
f 168/776/623 607/777/623 810/778/623 606/779/623
f 161/464/624 457/467/624 810/778/624 607/777/624
f 111/459/625 608/780/625 810/778/625 457/467/625
f 148/769/626 605/775/626 810/778/626 608/780/626
f 104/774/627 609/781/627 810/778/627 605/775/627
f 167/782/628 610/783/628 810/778/628 609/781/628
f 166/784/629 606/779/629 810/778/629 610/783/629
f 103/771/630 603/770/630 811/785/630 611/786/630
f 603/770/631 148/769/631 608/780/631 811/785/631
f 811/785/632 608/780/632 111/459/632 454/458/632
f 611/786/633 811/785/633 454/458/633 37/336/633
f 106/728/634 581/727/634 812/787/634 612/788/634
f 31/310/635 383/313/635 812/787/635 581/727/635
f 177/317/636 613/789/636 812/787/636 383/313/636
f 233/790/637 614/791/637 812/787/637 613/789/637
f 235/792/638 615/793/638 812/787/638 614/791/638
f 234/794/639 612/788/639 812/787/639 615/793/639
f 232/765/640 600/764/640 813/795/640 616/796/640
f 38/427/641 437/425/641 813/795/641 600/764/641
f 112/420/642 617/797/642 813/795/642 437/425/642
f 237/798/643 618/799/643 813/795/643 617/797/643
f 238/800/644 619/801/644 813/795/644 618/799/644
f 236/802/645 616/796/645 813/795/645 619/801/645
f 112/420/646 434/417/646 814/803/646 617/797/646
f 39/416/647 584/732/647 814/803/647 434/417/647
f 106/728/648 612/788/648 814/803/648 584/732/648
f 234/794/649 620/804/649 814/803/649 612/788/649
f 237/798/650 617/797/650 814/803/650 620/804/650
f 28/415/651 432/414/651 815/805/651 574/712/651
f 432/414/652 91/411/652 621/806/652 815/805/652
f 815/805/653 621/806/653 149/807/653 622/808/653
f 574/712/654 815/805/654 622/808/654 107/713/654
f 91/411/655 430/410/655 816/809/655 621/806/655
f 430/410/656 18/409/656 601/767/656 816/809/656
f 816/809/657 601/767/657 103/771/657 623/810/657
f 621/806/658 816/809/658 623/810/658 149/807/658
f 149/807/659 623/810/659 817/811/659 624/812/659
f 623/810/660 103/771/660 611/786/660 817/811/660
f 817/811/661 611/786/661 37/336/661 395/335/661
f 624/812/662 817/811/662 395/335/662 113/324/662
f 107/713/663 622/808/663 818/813/663 577/717/663
f 622/808/664 149/807/664 624/812/664 818/813/664
f 818/813/665 624/812/665 113/324/665 389/323/665
f 577/717/666 818/813/666 389/323/666 40/322/666
f 8/43/667 259/814/667 819/815/667 625/816/667
f 259/814/668 46/817/668 626/818/668 819/815/668
f 819/815/669 626/818/669 150/819/669 627/820/669
f 625/816/670 819/815/670 627/820/670 102/821/670
f 46/817/671 256/822/671 820/823/671 626/818/671
f 256/822/672 4/824/672 249/825/672 820/823/672
f 820/823/673 249/825/673 43/826/673 628/827/673
f 626/818/674 820/823/674 628/827/674 150/819/674
f 150/819/675 628/827/675 821/828/675 629/829/675
f 628/827/676 43/826/676 246/830/676 821/828/676
f 821/828/677 246/830/677 33/275/677 367/273/677
f 629/829/678 821/828/678 367/273/678 114/269/678
f 102/821/679 627/820/679 822/831/679 630/832/679
f 627/820/680 150/819/680 629/829/680 822/831/680
f 822/831/681 629/829/681 114/269/681 364/267/681
f 630/832/682 822/831/682 364/267/682 36/238/682
f 3/833/683 517/834/683 823/835/683 515/836/683
f 517/834/684 45/837/684 631/838/684 823/835/684
f 823/835/685 631/838/685 151/839/685 632/840/685
f 515/836/686 823/835/686 632/840/686 101/841/686
f 45/837/687 523/842/687 824/843/687 631/838/687
f 523/842/688 7/599/688 571/706/688 824/843/688
f 824/843/689 571/706/689 48/710/689 633/844/689
f 631/838/690 824/843/690 633/844/690 151/839/690
f 151/839/691 633/844/691 825/845/691 634/846/691
f 633/844/692 48/710/692 578/719/692 825/845/692
f 825/845/693 578/719/693 34/258/693 358/256/693
f 634/846/694 825/845/694 358/256/694 115/251/694
f 101/841/695 632/840/695 826/847/695 507/848/695
f 632/840/696 151/839/696 634/846/696 826/847/696
f 826/847/697 634/846/697 115/251/697 355/248/697
f 507/848/698 826/847/698 355/248/698 35/247/698
f 21/49/699 262/48/699 827/849/699 604/773/699
f 262/48/700 76/45/700 635/850/700 827/849/700
f 827/849/701 635/850/701 152/851/701 636/852/701
f 604/773/702 827/849/702 636/852/702 104/774/702
f 76/45/703 260/44/703 828/853/703 635/850/703
f 260/44/704 8/43/704 625/816/704 828/853/704
f 828/853/705 625/816/705 102/821/705 637/854/705
f 635/850/706 828/853/706 637/854/706 152/851/706
f 152/851/707 637/854/707 829/855/707 638/856/707
f 637/854/708 102/821/708 630/832/708 829/855/708
f 829/855/709 630/832/709 36/238/709 348/236/709
f 638/856/710 829/855/710 348/236/710 116/227/710
f 169/857/711 640/858/711 830/859/711 639/860/711
f 167/782/712 609/781/712 830/859/712 640/858/712
f 104/774/713 636/852/713 830/859/713 609/781/713
f 152/851/714 638/856/714 830/859/714 636/852/714
f 116/227/715 343/226/715 830/859/715 638/856/715
f 159/225/716 639/860/716 830/859/716 343/226/716
f 26/302/717 379/301/717 831/861/717 592/750/717
f 379/301/718 81/298/718 641/862/718 831/861/718
f 831/861/719 641/862/719 153/863/719 642/864/719
f 592/750/720 831/861/720 642/864/720 105/751/720
f 81/298/721 377/297/721 832/865/721 641/862/721
f 377/297/722 13/296/722 371/866/722 832/865/722
f 832/865/723 371/866/723 99/867/723 643/868/723
f 641/862/724 832/865/724 643/868/724 153/863/724
f 153/863/725 643/868/725 833/869/725 644/870/725
f 643/868/726 99/867/726 368/871/726 833/869/726
f 833/869/727 368/871/727 33/16/727 245/14/727
f 644/870/728 833/869/728 245/14/728 117/5/728
f 171/872/729 646/873/729 834/874/729 645/875/729
f 170/876/730 647/877/730 834/874/730 646/873/730
f 164/757/731 596/756/731 834/874/731 647/877/731
f 105/751/732 642/864/732 834/874/732 596/756/732
f 153/863/733 644/870/733 834/874/733 642/864/733
f 117/5/734 240/2/734 834/874/734 644/870/734
f 155/1/735 648/878/735 834/874/735 240/2/735
f 172/879/736 649/880/736 834/874/736 648/878/736
f 173/881/737 645/875/737 834/874/737 649/880/737
f 167/882/738 640/883/738 835/884/738 610/885/738
f 169/886/739 650/887/739 835/884/739 640/883/739
f 154/888/740 244/889/740 835/884/740 650/887/740
f 156/890/741 503/891/741 835/884/741 244/889/741
f 163/892/742 651/893/742 835/884/742 503/891/742
f 168/894/743 606/895/743 835/884/743 651/893/743
f 166/896/744 610/885/744 835/884/744 606/895/744
f 173/897/745 652/898/745 836/899/745 645/900/745
f 652/898/746 158/901/746 341/902/746 836/899/746
f 836/899/747 341/902/747 157/903/747 653/904/747
f 645/900/748 836/899/748 653/904/748 171/905/748
f 170/906/749 646/907/749 837/908/749 647/909/749
f 171/910/750 653/911/750 837/908/750 646/907/750
f 157/912/751 347/913/751 837/908/751 653/911/751
f 160/914/752 458/915/752 837/908/752 347/913/752
f 161/916/753 607/917/753 837/908/753 458/915/753
f 168/918/754 651/919/754 837/908/754 607/917/754
f 163/920/755 502/921/755 837/908/755 651/919/755
f 162/922/756 594/923/756 837/908/756 502/921/756
f 165/924/757 597/925/757 837/908/757 594/923/757
f 164/926/758 647/909/758 837/908/758 597/925/758
f 169/927/759 639/928/759 838/929/759 650/930/759
f 159/931/760 342/932/760 838/929/760 639/928/760
f 158/933/761 652/934/761 838/929/761 342/932/761
f 173/935/762 649/936/762 838/929/762 652/934/762
f 172/937/763 648/938/763 838/929/763 649/936/763
f 155/939/764 239/940/764 838/929/764 648/938/764
f 154/941/765 650/930/765 838/929/765 239/940/765
f 238/942/766 654/943/766 839/944/766 619/945/766
f 183/946/767 397/947/767 839/944/767 654/943/767
f 181/948/768 453/949/768 839/944/768 397/947/768
f 202/950/769 463/951/769 839/944/769 453/949/769
f 205/952/770 655/953/770 839/944/770 463/951/770
f 229/954/771 588/955/771 839/944/771 655/953/771
f 228/956/772 599/957/772 839/944/772 588/955/772
f 231/958/773 598/959/773 839/944/773 599/957/773
f 232/960/774 616/961/774 839/944/774 598/959/774
f 236/962/775 619/945/775 839/944/775 616/961/775
f 221/963/776 528/964/776 840/965/776 531/966/776
f 220/967/777 546/968/777 840/965/777 528/964/777
f 222/969/778 656/970/778 840/965/778 546/968/778
f 225/971/779 566/972/779 840/965/779 656/970/779
f 224/973/780 555/974/780 840/965/780 566/972/780
f 223/975/781 552/976/781 840/965/781 555/974/781
f 189/977/782 404/978/782 840/965/782 552/976/782
f 188/979/783 417/980/783 840/965/783 404/978/783
f 194/981/784 413/982/784 840/965/784 417/980/784
f 193/983/785 419/984/785 840/965/785 413/982/785
f 195/985/786 531/966/786 840/965/786 419/984/786
f 207/986/787 657/987/787 841/988/787 468/989/787
f 219/990/788 489/991/788 841/988/788 657/987/788
f 215/992/789 481/993/789 841/988/789 489/991/789
f 216/994/790 484/995/790 841/988/790 481/993/790
f 206/996/791 468/989/791 841/988/791 484/995/791
f 235/997/792 658/998/792 842/999/792 615/1000/792
f 184/1001/793 401/1002/793 842/999/793 658/998/793
f 180/1003/794 392/1004/794 842/999/794 401/1002/794
f 179/1005/795 391/1006/795 842/999/795 392/1004/795
f 178/1007/796 394/1008/796 842/999/796 391/1006/796
f 182/1009/797 393/1010/797 842/999/797 394/1008/797
f 183/946/798 654/943/798 842/999/798 393/1010/798
f 238/942/799 618/1011/799 842/999/799 654/943/799
f 237/1012/800 620/1013/800 842/999/800 618/1011/800
f 234/1014/801 615/1000/801 842/999/801 620/1013/801
f 197/1015/802 445/1016/802 843/1017/802 659/1018/802
f 196/1019/803 449/1020/803 843/1017/803 445/1016/803
f 199/1021/804 450/1022/804 843/1017/804 449/1020/804
f 201/1023/805 660/1024/805 843/1017/805 450/1022/805
f 210/1025/806 474/1026/806 843/1017/806 660/1024/806
f 211/1027/807 475/1028/807 843/1017/807 474/1026/807
f 212/1029/808 480/1030/808 843/1017/808 475/1028/808
f 213/1031/809 659/1018/809 843/1017/809 480/1030/809
f 233/1032/810 613/1033/810 844/1034/810 661/1035/810
f 177/1036/811 386/1037/811 844/1034/811 613/1033/811
f 176/1038/812 662/1039/812 844/1034/812 386/1037/812
f 190/1040/813 410/1041/813 844/1034/813 662/1039/813
f 187/1042/814 398/1043/814 844/1034/814 410/1041/814
f 186/1044/815 661/1035/815 844/1034/815 398/1043/815
f 233/1032/816 661/1035/816 845/1045/816 614/1046/816
f 186/1044/817 403/1047/817 845/1045/817 661/1035/817
f 185/1048/818 402/1049/818 845/1045/818 403/1047/818
f 184/1050/819 658/1051/819 845/1045/819 402/1049/819
f 235/1052/820 614/1046/820 845/1045/820 658/1051/820
f 201/1023/821 452/1053/821 846/1054/821 660/1024/821
f 200/1055/822 591/1056/822 846/1054/822 452/1053/822
f 230/1057/823 590/1058/823 846/1054/823 591/1056/823
f 226/1059/824 585/1060/824 846/1054/824 590/1058/824
f 227/1061/825 589/1062/825 846/1054/825 585/1060/825
f 229/1063/826 655/1064/826 846/1054/826 589/1062/826
f 205/1065/827 464/1066/827 846/1054/827 655/1064/827
f 203/1067/828 461/1068/828 846/1054/828 464/1066/828
f 204/1069/829 472/1070/829 846/1054/829 461/1068/829
f 210/1025/830 660/1024/830 846/1054/830 472/1070/830
f 209/1071/831 471/1072/831 847/1073/831 470/1074/831
f 198/1075/832 446/1076/832 847/1073/832 471/1072/832
f 197/1015/833 659/1018/833 847/1073/833 446/1076/833
f 213/1031/834 479/1077/834 847/1073/834 659/1018/834
f 214/1078/835 485/1079/835 847/1073/835 479/1077/835
f 217/1080/836 487/1081/836 847/1073/836 485/1079/836
f 218/1082/837 490/1083/837 847/1073/837 487/1081/837
f 219/990/838 657/987/838 847/1073/838 490/1083/838
f 207/986/839 467/1084/839 847/1073/839 657/987/839
f 208/1085/840 470/1074/840 847/1073/840 467/1084/840
f 225/971/841 656/970/841 848/1086/841 567/1087/841
f 222/969/842 548/1088/842 848/1086/842 656/970/842
f 192/1089/843 411/1090/843 848/1086/843 548/1088/843
f 191/1091/844 407/1092/844 848/1086/844 411/1090/844
f 190/1040/845 662/1039/845 848/1086/845 407/1092/845
f 176/1038/846 385/1093/846 848/1086/846 662/1039/846
f 175/1094/847 380/1095/847 848/1086/847 385/1093/847
f 174/1096/848 567/1087/848 848/1086/848 380/1095/848
